origem,destino,tipo_conexao,justificativa,peso
SBAE,SBCF,intrarregional,voo dentro da região Sudeste com 1 operação em jan/2026,1.4427
SBAE,SBKP,intrarregional,voo dentro da região Sudeste com 31 operações em jan/2026,0.2885
SBAE,SBMO,interregional,voo de Sudeste para Nordeste com 9 operações em jan/2026,0.4343
SBAE,SBPS,interregional,voo de Sudeste para Nordeste com 5 operações em jan/2026,0.5581
SBAE,SBRF,interregional,voo de Sudeste para Nordeste com 5 operações em jan/2026,0.5581
SBAQ,SBKP,intrarregional,voo dentro da região Sudeste com 13 operações em jan/2026,0.3789
SBAR,SBBR,interregional,voo de Nordeste para Centro-Oeste com 35 operações em jan/2026,0.2791
SBAR,SBCF,interregional,voo de Nordeste para Sudeste com 31 operações em jan/2026,0.2885
SBAR,SBGL,interregional,voo de Nordeste para Sudeste com 48 operações em jan/2026,0.2569
SBAR,SBGR,interregional,voo de Nordeste para Sudeste com 161 operações em jan/2026,0.1966
SBAR,SBKP,interregional,voo de Nordeste para Sudeste com 31 operações em jan/2026,0.2885
SBAR,SBRF,intrarregional,voo dentro da região Nordeste com 61 operações em jan/2026,0.2423
SBAR,SBSP,interregional,voo de Nordeste para Sudeste com 77 operações em jan/2026,0.2295
SBAR,SBSV,intrarregional,voo dentro da região Nordeste com 58 operações em jan/2026,0.2452
SBAR,SBTE,intrarregional,voo dentro da região Nordeste com 1 operação em jan/2026,1.4427
SBAT,SBKP,interregional,voo de Centro-Oeste para Sudeste com 12 operações em jan/2026,0.3899
SBAU,SBKP,intrarregional,voo dentro da região Sudeste com 31 operações em jan/2026,0.2885
SBAU,SBPA,interregional,voo de Sudeste para Sul com 1 operação em jan/2026,1.4427
SBAU,SBSP,intrarregional,voo dentro da região Sudeste com 17 operações em jan/2026,0.346
SBAX,SBCF,intrarregional,voo dentro da região Sudeste com 16 operações em jan/2026,0.353
SBBE,SBBR,interregional,voo de Norte para Centro-Oeste com 126 operações em jan/2026,0.2064
SBBE,SBCF,interregional,voo de Norte para Sudeste com 80 operações em jan/2026,0.2276
SBBE,SBCJ,intrarregional,voo dentro da região Norte com 35 operações em jan/2026,0.2791
SBBE,SBCY,interregional,voo de Norte para Centro-Oeste com 1 operação em jan/2026,1.4427
SBBE,SBEG,intrarregional,voo dentro da região Norte com 71 operações em jan/2026,0.2338
SBBE,SBFZ,interregional,voo de Norte para Nordeste com 113 operações em jan/2026,0.2111
SBBE,SBGL,interregional,voo de Norte para Sudeste com 63 operações em jan/2026,0.2404
SBBE,SBGR,interregional,voo de Norte para Sudeste com 231 operações em jan/2026,0.1836
SBBE,SBHT,intrarregional,voo dentro da região Norte com 31 operações em jan/2026,0.2885
SBBE,SBKP,interregional,voo de Norte para Sudeste com 93 operações em jan/2026,0.2201
SBBE,SBMA,intrarregional,voo dentro da região Norte com 45 operações em jan/2026,0.2612
SBBE,SBMD,intrarregional,voo dentro da região Norte com 8 operações em jan/2026,0.4551
SBBE,SBMQ,intrarregional,voo dentro da região Norte com 122 operações em jan/2026,0.2078
SBBE,SBOI,intrarregional,voo dentro da região Norte com 39 operações em jan/2026,0.2711
SBBE,SBPJ,intrarregional,voo dentro da região Norte com 1 operação em jan/2026,1.4427
SBBE,SBRF,interregional,voo de Norte para Nordeste com 62 operações em jan/2026,0.2414
SBBE,SBSL,interregional,voo de Norte para Nordeste com 31 operações em jan/2026,0.2885
SBBE,SBSN,intrarregional,voo dentro da região Norte com 79 operações em jan/2026,0.2282
SBBE,SBTU,intrarregional,voo dentro da região Norte com 15 operações em jan/2026,0.3607
SBBE,SDOW,intrarregional,voo dentro da região Norte com 5 operações em jan/2026,0.5581
SBBE,SNEB,intrarregional,voo dentro da região Norte com 1 operação em jan/2026,1.4427
SBBE,SNMZ,intrarregional,voo dentro da região Norte com 1 operação em jan/2026,1.4427
SBBE,SNSM,intrarregional,voo dentro da região Norte com 9 operações em jan/2026,0.4343
SBBE,SNVS,intrarregional,voo dentro da região Norte com 9 operações em jan/2026,0.4343
SBBH,SBCF,intrarregional,voo dentro da região Sudeste com 6 operações em jan/2026,0.5139
SBBH,SBKP,intrarregional,voo dentro da região Sudeste com 2 operações em jan/2026,0.9102
SBBH,SBSP,intrarregional,voo dentro da região Sudeste com 1 operação em jan/2026,1.4427
SBBR,SBAR,interregional,voo de Centro-Oeste para Nordeste com 35 operações em jan/2026,0.2791
SBBR,SBBE,interregional,voo de Centro-Oeste para Norte com 124 operações em jan/2026,0.2071
SBBR,SBBV,interregional,voo de Centro-Oeste para Norte com 52 operações em jan/2026,0.2519
SBBR,SBCF,interregional,voo de Centro-Oeste para Sudeste com 238 operações em jan/2026,0.1826
SBBR,SBCG,intrarregional,voo dentro da região Centro-Oeste com 62 operações em jan/2026,0.2414
SBBR,SBCT,interregional,voo de Centro-Oeste para Sul com 123 operações em jan/2026,0.2075
SBBR,SBCY,intrarregional,voo dentro da região Centro-Oeste com 136 operações em jan/2026,0.2033
SBBR,SBEG,interregional,voo de Centro-Oeste para Norte com 145 operações em jan/2026,0.2007
SBBR,SBFI,interregional,voo de Centro-Oeste para Sul com 31 operações em jan/2026,0.2885
SBBR,SBFL,interregional,voo de Centro-Oeste para Sul com 92 operações em jan/2026,0.2206
SBBR,SBFZ,interregional,voo de Centro-Oeste para Nordeste com 168 operações em jan/2026,0.1949
SBBR,SBGL,interregional,voo de Centro-Oeste para Sudeste com 194 operações em jan/2026,0.1896
SBBR,SBGO,intrarregional,voo dentro da região Centro-Oeste com 128 operações em jan/2026,0.2058
SBBR,SBGR,interregional,voo de Centro-Oeste para Sudeste com 393 operações em jan/2026,0.1673
SBBR,SBIL,interregional,voo de Centro-Oeste para Nordeste com 1 operação em jan/2026,1.4427
SBBR,SBIZ,interregional,voo de Centro-Oeste para Nordeste com 31 operações em jan/2026,0.2885
SBBR,SBJD,interregional,voo de Centro-Oeste para Sudeste com 1 operação em jan/2026,1.4427
SBBR,SBJP,interregional,voo de Centro-Oeste para Nordeste com 123 operações em jan/2026,0.2075
SBBR,SBKP,interregional,voo de Centro-Oeste para Sudeste com 270 operações em jan/2026,0.1785
SBBR,SBMA,interregional,voo de Centro-Oeste para Norte com 63 operações em jan/2026,0.2404
SBBR,SBMO,interregional,voo de Centro-Oeste para Nordeste com 123 operações em jan/2026,0.2075
SBBR,SBMQ,interregional,voo de Centro-Oeste para Norte com 31 operações em jan/2026,0.2885
SBBR,SBPA,interregional,voo de Centro-Oeste para Sul com 153 operações em jan/2026,0.1985
SBBR,SBPJ,interregional,voo de Centro-Oeste para Norte com 64 operações em jan/2026,0.2396
SBBR,SBPS,interregional,voo de Centro-Oeste para Nordeste com 70 operações em jan/2026,0.2346
SBBR,SBPV,interregional,voo de Centro-Oeste para Norte com 62 operações em jan/2026,0.2414
SBBR,SBRB,interregional,voo de Centro-Oeste para Norte com 63 operações em jan/2026,0.2404
SBBR,SBRF,interregional,voo de Centro-Oeste para Nordeste com 263 operações em jan/2026,0.1793
SBBR,SBRJ,interregional,voo de Centro-Oeste para Sudeste com 376 operações em jan/2026,0.1686
SBBR,SBSG,interregional,voo de Centro-Oeste para Nordeste com 93 operações em jan/2026,0.2201
SBBR,SBSI,intrarregional,voo dentro da região Centro-Oeste com 31 operações em jan/2026,0.2885
SBBR,SBSL,interregional,voo de Centro-Oeste para Nordeste com 76 operações em jan/2026,0.2302
SBBR,SBSN,interregional,voo de Centro-Oeste para Norte com 31 operações em jan/2026,0.2885
SBBR,SBSP,interregional,voo de Centro-Oeste para Sudeste com 568 operações em jan/2026,0.1576
SBBR,SBSV,interregional,voo de Centro-Oeste para Nordeste com 199 operações em jan/2026,0.1887
SBBR,SBTE,interregional,voo de Centro-Oeste para Nordeste com 93 operações em jan/2026,0.2201
SBBR,SBVT,interregional,voo de Centro-Oeste para Sudeste com 93 operações em jan/2026,0.2201
SBBV,SBBR,interregional,voo de Norte para Centro-Oeste com 54 operações em jan/2026,0.2495
SBBV,SBCT,interregional,voo de Norte para Sul com 1 operação em jan/2026,1.4427
SBBV,SBCY,interregional,voo de Norte para Centro-Oeste com 1 operação em jan/2026,1.4427
SBBV,SBEG,intrarregional,voo dentro da região Norte com 32 operações em jan/2026,0.286
SBBV,SBGR,interregional,voo de Norte para Sudeste com 9 operações em jan/2026,0.4343
SBBV,SBPJ,intrarregional,voo dentro da região Norte com 1 operação em jan/2026,1.4427
SBBW,SBCY,intrarregional,voo dentro da região Centro-Oeste com 13 operações em jan/2026,0.3789
SBBZ,SBJD,intrarregional,voo dentro da região Sudeste com 1 operação em jan/2026,1.4427
SBCA,SBCT,intrarregional,voo dentro da região Sul com 32 operações em jan/2026,0.286
SBCA,SBGR,interregional,voo de Sul para Sudeste com 66 operações em jan/2026,0.2378
SBCA,SBJP,interregional,voo de Sul para Nordeste com 5 operações em jan/2026,0.5581
SBCA,SBKP,interregional,voo de Sul para Sudeste com 58 operações em jan/2026,0.2452
SBCA,SBMO,interregional,voo de Sul para Nordeste com 9 operações em jan/2026,0.4343
SBCA,SBPS,interregional,voo de Sul para Nordeste com 4 operações em jan/2026,0.6213
SBCF,SBAR,interregional,voo de Sudeste para Nordeste com 33 operações em jan/2026,0.2836
SBCF,SBAX,intrarregional,voo dentro da região Sudeste com 15 operações em jan/2026,0.3607
SBCF,SBBE,interregional,voo de Sudeste para Norte com 81 operações em jan/2026,0.2269
SBCF,SBBH,intrarregional,voo dentro da região Sudeste com 3 operações em jan/2026,0.7213
SBCF,SBBR,interregional,voo de Sudeste para Centro-Oeste com 244 operações em jan/2026,0.1818
SBCF,SBCJ,interregional,voo de Sudeste para Norte com 64 operações em jan/2026,0.2396
SBCF,SBCT,interregional,voo de Sudeste para Sul com 71 operações em jan/2026,0.2338
SBCF,SBCY,interregional,voo de Sudeste para Centro-Oeste com 54 operações em jan/2026,0.2495
SBCF,SBEG,interregional,voo de Sudeste para Norte com 64 operações em jan/2026,0.2396
SBCF,SBFI,interregional,voo de Sudeste para Sul com 14 operações em jan/2026,0.3693
SBCF,SBFL,interregional,voo de Sudeste para Sul com 58 operações em jan/2026,0.2452
SBCF,SBFZ,interregional,voo de Sudeste para Nordeste com 81 operações em jan/2026,0.2269
SBCF,SBGL,intrarregional,voo dentro da região Sudeste com 211 operações em jan/2026,0.1867
SBCF,SBGO,interregional,voo de Sudeste para Centro-Oeste com 101 operações em jan/2026,0.2162
SBCF,SBGR,intrarregional,voo dentro da região Sudeste com 425 operações em jan/2026,0.1652
SBCF,SBGV,intrarregional,voo dentro da região Sudeste com 56 operações em jan/2026,0.2473
SBCF,SBIL,interregional,voo de Sudeste para Nordeste com 48 operações em jan/2026,0.2569
SBCF,SBIP,intrarregional,voo dentro da região Sudeste com 115 operações em jan/2026,0.2104
SBCF,SBIZ,interregional,voo de Sudeste para Nordeste com 18 operações em jan/2026,0.3396
SBCF,SBJE,interregional,voo de Sudeste para Nordeste com 18 operações em jan/2026,0.3396
SBCF,SBJP,interregional,voo de Sudeste para Nordeste com 53 operações em jan/2026,0.2507
SBCF,SBJR,intrarregional,voo dentro da região Sudeste com 26 operações em jan/2026,0.3034
SBCF,SBKG,interregional,voo de Sudeste para Nordeste com 13 operações em jan/2026,0.3789
SBCF,SBKP,intrarregional,voo dentro da região Sudeste com 217 operações em jan/2026,0.1857
SBCF,SBMA,interregional,voo de Sudeste para Norte com 18 operações em jan/2026,0.3396
SBCF,SBMK,intrarregional,voo dentro da região Sudeste com 89 operações em jan/2026,0.2222
SBCF,SBMO,interregional,voo de Sudeste para Nordeste com 92 operações em jan/2026,0.2206
SBCF,SBMQ,interregional,voo de Sudeste para Norte com 1 operação em jan/2026,1.4427
SBCF,SBNF,interregional,voo de Sudeste para Sul com 8 operações em jan/2026,0.4551
SBCF,SBPA,interregional,voo de Sudeste para Sul com 139 operações em jan/2026,0.2024
SBCF,SBPJ,interregional,voo de Sudeste para Norte com 14 operações em jan/2026,0.3693
SBCF,SBPS,interregional,voo de Sudeste para Nordeste com 214 operações em jan/2026,0.1862
SBCF,SBPV,interregional,voo de Sudeste para Norte com 14 operações em jan/2026,0.3693
SBCF,SBRB,interregional,voo de Sudeste para Norte com 17 operações em jan/2026,0.346
SBCF,SBRF,interregional,voo de Sudeste para Nordeste com 218 operações em jan/2026,0.1856
SBCF,SBRJ,intrarregional,voo dentro da região Sudeste com 182 operações em jan/2026,0.192
SBCF,SBRP,intrarregional,voo dentro da região Sudeste com 31 operações em jan/2026,0.2885
SBCF,SBSG,interregional,voo de Sudeste para Nordeste com 58 operações em jan/2026,0.2452
SBCF,SBSL,interregional,voo de Sudeste para Nordeste com 31 operações em jan/2026,0.2885
SBCF,SBSP,intrarregional,voo dentro da região Sudeste com 592 operações em jan/2026,0.1566
SBCF,SBSR,intrarregional,voo dentro da região Sudeste com 27 operações em jan/2026,0.3001
SBCF,SBSV,interregional,voo de Sudeste para Nordeste com 204 operações em jan/2026,0.1879
SBCF,SBTC,interregional,voo de Sudeste para Nordeste com 4 operações em jan/2026,0.6213
SBCF,SBTE,interregional,voo de Sudeste para Nordeste com 31 operações em jan/2026,0.2885
SBCF,SBUL,intrarregional,voo dentro da região Sudeste com 115 operações em jan/2026,0.2104
SBCF,SBUR,intrarregional,voo dentro da região Sudeste com 31 operações em jan/2026,0.2885
SBCF,SBVC,interregional,voo de Sudeste para Nordeste com 39 operações em jan/2026,0.2711
SBCF,SBVG,intrarregional,voo dentro da região Sudeste com 14 operações em jan/2026,0.3693
SBCF,SBVT,intrarregional,voo dentro da região Sudeste com 115 operações em jan/2026,0.2104
SBCF,SNBR,interregional,voo de Sudeste para Nordeste com 31 operações em jan/2026,0.2885
SBCF,SNDV,intrarregional,voo dentro da região Sudeste com 22 operações em jan/2026,0.3189
SBCF,SNGI,interregional,voo de Sudeste para Nordeste com 17 operações em jan/2026,0.346
SBCF,SNJM,intrarregional,voo dentro da região Sudeste com 14 operações em jan/2026,0.3693
SBCF,SNLN,intrarregional,voo dentro da região Sudeste com 13 operações em jan/2026,0.3789
SBCF,SNPD,intrarregional,voo dentro da região Sudeste com 13 operações em jan/2026,0.3789
SBCF,SNSS,intrarregional,voo dentro da região Sudeste com 13 operações em jan/2026,0.3789
SBCF,SNTO,intrarregional,voo dentro da região Sudeste com 13 operações em jan/2026,0.3789
SBCF,SNZR,intrarregional,voo dentro da região Sudeste com 13 operações em jan/2026,0.3789
SBCG,SBBR,intrarregional,voo dentro da região Centro-Oeste com 61 operações em jan/2026,0.2423
SBCG,SBCT,interregional,voo de Centro-Oeste para Sul com 1 operação em jan/2026,1.4427
SBCG,SBCY,intrarregional,voo dentro da região Centro-Oeste com 1 operação em jan/2026,1.4427
SBCG,SBGR,interregional,voo de Centro-Oeste para Sudeste com 197 operações em jan/2026,0.1891
SBCG,SBKP,interregional,voo de Centro-Oeste para Sudeste com 83 operações em jan/2026,0.2257
SBCG,SBRP,interregional,voo de Centro-Oeste para Sudeste com 1 operação em jan/2026,1.4427
SBCG,SBSP,interregional,voo de Centro-Oeste para Sudeste com 75 operações em jan/2026,0.2309
SBCH,SBCT,intrarregional,voo dentro da região Sul com 1 operação em jan/2026,1.4427
SBCH,SBFL,intrarregional,voo dentro da região Sul com 43 operações em jan/2026,0.2643
SBCH,SBGL,interregional,voo de Sul para Sudeste com 1 operação em jan/2026,1.4427
SBCH,SBGR,interregional,voo de Sul para Sudeste com 121 operações em jan/2026,0.2082
SBCH,SBKP,interregional,voo de Sul para Sudeste com 32 operações em jan/2026,0.286
SBCH,SBSP,interregional,voo de Sul para Sudeste com 26 operações em jan/2026,0.3034
SBCJ,SBBE,intrarregional,voo dentro da região Norte com 35 operações em jan/2026,0.2791
SBCJ,SBCF,interregional,voo de Norte para Sudeste com 64 operações em jan/2026,0.2396
SBCJ,SBSL,interregional,voo de Norte para Nordeste com 6 operações em jan/2026,0.5139
SBCJ,SDOW,intrarregional,voo dentro da região Norte com 4 operações em jan/2026,0.6213
SBCN,SBSP,interregional,voo de Centro-Oeste para Sudeste com 16 operações em jan/2026,0.353
SBCT,SBBR,interregional,voo de Sul para Centro-Oeste com 123 operações em jan/2026,0.2075
SBCT,SBCA,intrarregional,voo dentro da região Sul com 30 operações em jan/2026,0.2912
SBCT,SBCF,interregional,voo de Sul para Sudeste com 70 operações em jan/2026,0.2346
SBCT,SBFI,intrarregional,voo dentro da região Sul com 114 operações em jan/2026,0.2108
SBCT,SBFL,intrarregional,voo dentro da região Sul com 1 operação em jan/2026,1.4427
SBCT,SBGL,interregional,voo de Sul para Sudeste com 268 operações em jan/2026,0.1787
SBCT,SBGO,interregional,voo de Sul para Centro-Oeste com 1 operação em jan/2026,1.4427
SBCT,SBGR,interregional,voo de Sul para Sudeste com 451 operações em jan/2026,0.1636
SBCT,SBKP,interregional,voo de Sul para Sudeste com 200 operações em jan/2026,0.1886
SBCT,SBLO,intrarregional,voo dentro da região Sul com 30 operações em jan/2026,0.2912
SBCT,SBMG,intrarregional,voo dentro da região Sul com 48 operações em jan/2026,0.2569
SBCT,SBMO,interregional,voo de Sul para Nordeste com 5 operações em jan/2026,0.5581
SBCT,SBPA,intrarregional,voo dentro da região Sul com 159 operações em jan/2026,0.197
SBCT,SBPO,interregional,voo de Sul para Centro-Oeste com 13 operações em jan/2026,0.3789
SBCT,SBRF,interregional,voo de Sul para Nordeste com 9 operações em jan/2026,0.4343
SBCT,SBRP,interregional,voo de Sul para Sudeste com 2 operações em jan/2026,0.9102
SBCT,SBSP,interregional,voo de Sul para Sudeste com 484 operações em jan/2026,0.1617
SBCT,SBSV,interregional,voo de Sul para Nordeste com 21 operações em jan/2026,0.3235
SBCT,SBVT,interregional,voo de Sul para Sudeste com 1 operação em jan/2026,1.4427
SBCT,SSGY,intrarregional,voo dentro da região Sul com 14 operações em jan/2026,0.3693
SBCT,SSUM,intrarregional,voo dentro da região Sul com 5 operações em jan/2026,0.5581
SBCT,SSUV,intrarregional,voo dentro da região Sul com 14 operações em jan/2026,0.3693
SBCT,SSVL,interregional,voo de Sul para Centro-Oeste com 13 operações em jan/2026,0.3789
SBCX,SBGR,interregional,voo de Sul para Sudeste com 32 operações em jan/2026,0.286
SBCX,SBKP,interregional,voo de Sul para Sudeste com 30 operações em jan/2026,0.2912
SBCX,SBSP,interregional,voo de Sul para Sudeste com 31 operações em jan/2026,0.2885
SBCY,SBBR,intrarregional,voo dentro da região Centro-Oeste com 139 operações em jan/2026,0.2024
SBCY,SBBW,intrarregional,voo dentro da região Centro-Oeste com 13 operações em jan/2026,0.3789
SBCY,SBCF,interregional,voo de Centro-Oeste para Sudeste com 53 operações em jan/2026,0.2507
SBCY,SBCG,intrarregional,voo dentro da região Centro-Oeste com 1 operação em jan/2026,1.4427
SBCY,SBEG,interregional,voo de Centro-Oeste para Norte com 1 operação em jan/2026,1.4427
SBCY,SBGL,interregional,voo de Centro-Oeste para Sudeste com 31 operações em jan/2026,0.2885
SBCY,SBGO,intrarregional,voo dentro da região Centro-Oeste com 1 operação em jan/2026,1.4427
SBCY,SBGR,interregional,voo de Centro-Oeste para Sudeste com 289 operações em jan/2026,0.1764
SBCY,SBKP,interregional,voo de Centro-Oeste para Sudeste com 139 operações em jan/2026,0.2024
SBCY,SBPV,interregional,voo de Centro-Oeste para Norte com 20 operações em jan/2026,0.3285
SBCY,SBSI,intrarregional,voo dentro da região Centro-Oeste com 27 operações em jan/2026,0.3001
SBCY,SBSO,interregional,voo de Centro-Oeste para Sul com 25 operações em jan/2026,0.3069
SBCY,SBSP,interregional,voo de Centro-Oeste para Sudeste com 99 operações em jan/2026,0.2171
SBCY,SBSR,interregional,voo de Centro-Oeste para Sudeste com 5 operações em jan/2026,0.5581
SBCY,SBSV,interregional,voo de Centro-Oeste para Nordeste com 7 operações em jan/2026,0.4809
SBCY,SSOU,intrarregional,voo dentro da região Centro-Oeste com 21 operações em jan/2026,0.3235
SBCZ,SBRB,intrarregional,voo dentro da região Norte com 17 operações em jan/2026,0.346
SBDB,SBGR,interregional,voo de Centro-Oeste para Sudeste com 9 operações em jan/2026,0.4343
SBDB,SBKP,interregional,voo de Centro-Oeste para Sudeste com 13 operações em jan/2026,0.3789
SBDB,SBRP,interregional,voo de Centro-Oeste para Sudeste com 1 operação em jan/2026,1.4427
SBDB,SBSP,interregional,voo de Centro-Oeste para Sudeste com 14 operações em jan/2026,0.3693
SBDN,SBKP,intrarregional,voo dentro da região Sudeste com 61 operações em jan/2026,0.2423
SBDN,SBMG,interregional,voo de Sudeste para Sul com 1 operação em jan/2026,1.4427
SBDN,SBMO,interregional,voo de Sudeste para Nordeste com 9 operações em jan/2026,0.4343
SBDN,SBPS,interregional,voo de Sudeste para Nordeste com 9 operações em jan/2026,0.4343
SBDN,SBSG,interregional,voo de Sudeste para Nordeste com 9 operações em jan/2026,0.4343
SBDN,SBSP,intrarregional,voo dentro da região Sudeste com 26 operações em jan/2026,0.3034
SBDN,SBSR,intrarregional,voo dentro da região Sudeste com 1 operação em jan/2026,1.4427
SBDO,SBGR,interregional,voo de Centro-Oeste para Sudeste com 14 operações em jan/2026,0.3693
SBEG,SBBE,intrarregional,voo dentro da região Norte com 73 operações em jan/2026,0.2323
SBEG,SBBR,interregional,voo de Norte para Centro-Oeste com 144 operações em jan/2026,0.2009
SBEG,SBBV,intrarregional,voo dentro da região Norte com 31 operações em jan/2026,0.2885
SBEG,SBCF,interregional,voo de Norte para Sudeste com 63 operações em jan/2026,0.2404
SBEG,SBCT,interregional,voo de Norte para Sul com 1 operação em jan/2026,1.4427
SBEG,SBFZ,interregional,voo de Norte para Nordeste com 60 operações em jan/2026,0.2433
SBEG,SBGL,interregional,voo de Norte para Sudeste com 40 operações em jan/2026,0.2693
SBEG,SBGR,interregional,voo de Norte para Sudeste com 204 operações em jan/2026,0.1879
SBEG,SBIH,intrarregional,voo dentro da região Norte com 13 operações em jan/2026,0.3789
SBEG,SBKP,interregional,voo de Norte para Sudeste com 111 operações em jan/2026,0.2119
SBEG,SBMY,intrarregional,voo dentro da região Norte com 10 operações em jan/2026,0.417
SBEG,SBPJ,intrarregional,voo dentro da região Norte com 1 operação em jan/2026,1.4427
SBEG,SBPV,intrarregional,voo dentro da região Norte com 42 operações em jan/2026,0.2659
SBEG,SBRB,intrarregional,voo dentro da região Norte com 13 operações em jan/2026,0.3789
SBEG,SBRF,interregional,voo de Norte para Nordeste com 57 operações em jan/2026,0.2463
SBEG,SBSN,intrarregional,voo dentro da região Norte com 56 operações em jan/2026,0.2473
SBEG,SBTB,intrarregional,voo dentro da região Norte com 5 operações em jan/2026,0.5581
SBEG,SBTF,intrarregional,voo dentro da região Norte com 13 operações em jan/2026,0.3789
SBEG,SBTT,intrarregional,voo dentro da região Norte com 48 operações em jan/2026,0.2569
SBEG,SBUA,intrarregional,voo dentro da região Norte com 13 operações em jan/2026,0.3789
SBEG,SBUY,interregional,voo de Norte para Sul com 40 operações em jan/2026,0.2693
SBEG,SWBC,intrarregional,voo dentro da região Norte com 18 operações em jan/2026,0.3396
SBEG,SWLB,intrarregional,voo dentro da região Norte com 9 operações em jan/2026,0.4343
SBEG,SWMW,intrarregional,voo dentro da região Norte com 8 operações em jan/2026,0.4551
SBEG,SWPI,intrarregional,voo dentro da região Norte com 18 operações em jan/2026,0.3396
SBEG,SWYN,intrarregional,voo dentro da região Norte com 9 operações em jan/2026,0.4343
SBFI,SBBR,interregional,voo de Sul para Centro-Oeste com 31 operações em jan/2026,0.2885
SBFI,SBCF,interregional,voo de Sul para Sudeste com 14 operações em jan/2026,0.3693
SBFI,SBCT,intrarregional,voo dentro da região Sul com 115 operações em jan/2026,0.2104
SBFI,SBFZ,interregional,voo de Sul para Nordeste com 5 operações em jan/2026,0.5581
SBFI,SBGL,interregional,voo de Sul para Sudeste com 156 operações em jan/2026,0.1978
SBFI,SBGR,interregional,voo de Sul para Sudeste com 213 operações em jan/2026,0.1864
SBFI,SBKP,interregional,voo de Sul para Sudeste com 85 operações em jan/2026,0.2245
SBFI,SBRF,interregional,voo de Sul para Nordeste com 9 operações em jan/2026,0.4343
SBFI,SBSP,interregional,voo de Sul para Sudeste com 189 operações em jan/2026,0.1906
SBFI,SBVT,interregional,voo de Sul para Sudeste com 2 operações em jan/2026,0.9102
SBFL,SBBR,interregional,voo de Sul para Centro-Oeste com 92 operações em jan/2026,0.2206
SBFL,SBCF,interregional,voo de Sul para Sudeste com 57 operações em jan/2026,0.2463
SBFL,SBCH,intrarregional,voo dentro da região Sul com 43 operações em jan/2026,0.2643
SBFL,SBFI,intrarregional,voo dentro da região Sul com 1 operação em jan/2026,1.4427
SBFL,SBGL,interregional,voo de Sul para Sudeste com 179 operações em jan/2026,0.1926
SBFL,SBGR,interregional,voo de Sul para Sudeste com 309 operações em jan/2026,0.1743
SBFL,SBJV,intrarregional,voo dentro da região Sul com 1 operação em jan/2026,1.4427
SBFL,SBKP,interregional,voo de Sul para Sudeste com 131 operações em jan/2026,0.2048
SBFL,SBPA,intrarregional,voo dentro da região Sul com 32 operações em jan/2026,0.286
SBFL,SBPS,interregional,voo de Sul para Nordeste com 1 operação em jan/2026,1.4427
SBFL,SBRF,interregional,voo de Sul para Nordeste com 10 operações em jan/2026,0.417
SBFL,SBSP,interregional,voo de Sul para Sudeste com 422 operações em jan/2026,0.1654
SBFL,SBUL,interregional,voo de Sul para Sudeste com 1 operação em jan/2026,1.4427
SBFN,SBGR,interregional,voo de Nordeste para Sudeste com 40 operações em jan/2026,0.2693
SBFN,SBRF,intrarregional,voo dentro da região Nordeste com 100 operações em jan/2026,0.2167
SBFZ,SBBE,interregional,voo de Nordeste para Norte com 115 operações em jan/2026,0.2104
SBFZ,SBBR,interregional,voo de Nordeste para Centro-Oeste com 168 operações em jan/2026,0.1949
SBFZ,SBCF,interregional,voo de Nordeste para Sudeste com 84 operações em jan/2026,0.2251
SBFZ,SBEG,interregional,voo de Nordeste para Norte com 60 operações em jan/2026,0.2433
SBFZ,SBFI,interregional,voo de Nordeste para Sul com 5 operações em jan/2026,0.5581
SBFZ,SBGL,interregional,voo de Nordeste para Sudeste com 228 operações em jan/2026,0.184
SBFZ,SBGR,interregional,voo de Nordeste para Sudeste com 378 operações em jan/2026,0.1684
SBFZ,SBJU,intrarregional,voo dentro da região Nordeste com 31 operações em jan/2026,0.2885
SBFZ,SBKP,interregional,voo de Nordeste para Sudeste com 72 operações em jan/2026,0.2331
SBFZ,SBPB,intrarregional,voo dentro da região Nordeste com 12 operações em jan/2026,0.3899
SBFZ,SBRF,intrarregional,voo dentro da região Nordeste com 209 operações em jan/2026,0.187
SBFZ,SBRP,interregional,voo de Nordeste para Sudeste com 4 operações em jan/2026,0.6213
SBFZ,SBSG,intrarregional,voo dentro da região Nordeste com 31 operações em jan/2026,0.2885
SBFZ,SBSJ,interregional,voo de Nordeste para Sudeste com 1 operação em jan/2026,1.4427
SBFZ,SBSL,intrarregional,voo dentro da região Nordeste com 45 operações em jan/2026,0.2612
SBFZ,SBSP,interregional,voo de Nordeste para Sudeste com 250 operações em jan/2026,0.181
SBFZ,SBSR,interregional,voo de Nordeste para Sudeste com 5 operações em jan/2026,0.5581
SBFZ,SBSV,intrarregional,voo dentro da região Nordeste com 125 operações em jan/2026,0.2068
SBFZ,SBTE,intrarregional,voo dentro da região Nordeste com 49 operações em jan/2026,0.2556
SBFZ,SBUL,interregional,voo de Nordeste para Sudeste com 9 operações em jan/2026,0.4343
SBFZ,SBVT,interregional,voo de Nordeste para Sudeste com 1 operação em jan/2026,1.4427
SBGL,SBAR,interregional,voo de Sudeste para Nordeste com 48 operações em jan/2026,0.2569
SBGL,SBBE,interregional,voo de Sudeste para Norte com 62 operações em jan/2026,0.2414
SBGL,SBBR,interregional,voo de Sudeste para Centro-Oeste com 191 operações em jan/2026,0.1902
SBGL,SBBV,interregional,voo de Sudeste para Norte com 1 operação em jan/2026,1.4427
SBGL,SBCF,intrarregional,voo dentro da região Sudeste com 217 operações em jan/2026,0.1857
SBGL,SBCT,interregional,voo de Sudeste para Sul com 266 operações em jan/2026,0.179
SBGL,SBCY,interregional,voo de Sudeste para Centro-Oeste com 31 operações em jan/2026,0.2885
SBGL,SBEG,interregional,voo de Sudeste para Norte com 40 operações em jan/2026,0.2693
SBGL,SBFI,interregional,voo de Sudeste para Sul com 154 operações em jan/2026,0.1983
SBGL,SBFL,interregional,voo de Sudeste para Sul com 178 operações em jan/2026,0.1928
SBGL,SBFZ,interregional,voo de Sudeste para Nordeste com 235 operações em jan/2026,0.183
SBGL,SBGO,interregional,voo de Sudeste para Centro-Oeste com 52 operações em jan/2026,0.2519
SBGL,SBGR,intrarregional,voo dentro da região Sudeste com 416 operações em jan/2026,0.1658
SBGL,SBIL,interregional,voo de Sudeste para Nordeste com 5 operações em jan/2026,0.5581
SBGL,SBJP,interregional,voo de Sudeste para Nordeste com 70 operações em jan/2026,0.2346
SBGL,SBKP,intrarregional,voo dentro da região Sudeste com 186 operações em jan/2026,0.1912
SBGL,SBMO,interregional,voo de Sudeste para Nordeste com 103 operações em jan/2026,0.2153
SBGL,SBNF,interregional,voo de Sudeste para Sul com 107 operações em jan/2026,0.2136
SBGL,SBPA,interregional,voo de Sudeste para Sul com 364 operações em jan/2026,0.1695
SBGL,SBPS,interregional,voo de Sudeste para Nordeste com 95 operações em jan/2026,0.2191
SBGL,SBRF,interregional,voo de Sudeste para Nordeste com 294 operações em jan/2026,0.1758
SBGL,SBRJ,intrarregional,voo dentro da região Sudeste com 6 operações em jan/2026,0.5139
SBGL,SBSG,interregional,voo de Sudeste para Nordeste com 82 operações em jan/2026,0.2263
SBGL,SBSJ,intrarregional,voo dentro da região Sudeste com 13 operações em jan/2026,0.3789
SBGL,SBSL,interregional,voo de Sudeste para Nordeste com 40 operações em jan/2026,0.2693
SBGL,SBSP,intrarregional,voo dentro da região Sudeste com 143 operações em jan/2026,0.2012
SBGL,SBSR,intrarregional,voo dentro da região Sudeste com 1 operação em jan/2026,1.4427
SBGL,SBSV,interregional,voo de Sudeste para Nordeste com 318 operações em jan/2026,0.1735
SBGL,SBVT,intrarregional,voo dentro da região Sudeste com 210 operações em jan/2026,0.1869
SBGL,SDCO,intrarregional,voo dentro da região Sudeste com 1 operação em jan/2026,1.4427
SBGO,SBBR,intrarregional,voo dentro da região Centro-Oeste com 127 operações em jan/2026,0.2061
SBGO,SBCF,interregional,voo de Centro-Oeste para Sudeste com 102 operações em jan/2026,0.2158
SBGO,SBGL,interregional,voo de Centro-Oeste para Sudeste com 52 operações em jan/2026,0.2519
SBGO,SBGR,interregional,voo de Centro-Oeste para Sudeste com 239 operações em jan/2026,0.1825
SBGO,SBJP,interregional,voo de Centro-Oeste para Nordeste com 4 operações em jan/2026,0.6213
SBGO,SBKP,interregional,voo de Centro-Oeste para Sudeste com 125 operações em jan/2026,0.2068
SBGO,SBMO,interregional,voo de Centro-Oeste para Nordeste com 17 operações em jan/2026,0.346
SBGO,SBPJ,interregional,voo de Centro-Oeste para Norte com 30 operações em jan/2026,0.2912
SBGO,SBPS,interregional,voo de Centro-Oeste para Nordeste com 14 operações em jan/2026,0.3693
SBGO,SBRF,interregional,voo de Centro-Oeste para Nordeste com 66 operações em jan/2026,0.2378
SBGO,SBSP,interregional,voo de Centro-Oeste para Sudeste com 273 operações em jan/2026,0.1782
SBGO,SBSV,interregional,voo de Centro-Oeste para Nordeste com 40 operações em jan/2026,0.2693
SBGP,SBSJ,intrarregional,voo dentro da região Sudeste com 3 operações em jan/2026,0.7213
SBGR,SBAR,interregional,voo de Sudeste para Nordeste com 161 operações em jan/2026,0.1966
SBGR,SBBE,interregional,voo de Sudeste para Norte com 232 operações em jan/2026,0.1835
SBGR,SBBR,interregional,voo de Sudeste para Centro-Oeste com 392 operações em jan/2026,0.1674
SBGR,SBBV,interregional,voo de Sudeste para Norte com 10 operações em jan/2026,0.417
SBGR,SBCA,interregional,voo de Sudeste para Sul com 66 operações em jan/2026,0.2378
SBGR,SBCF,intrarregional,voo dentro da região Sudeste com 418 operações em jan/2026,0.1656
SBGR,SBCG,interregional,voo de Sudeste para Centro-Oeste com 197 operações em jan/2026,0.1891
SBGR,SBCH,interregional,voo de Sudeste para Sul com 121 operações em jan/2026,0.2082
SBGR,SBCT,interregional,voo de Sudeste para Sul com 443 operações em jan/2026,0.164
SBGR,SBCX,interregional,voo de Sudeste para Sul com 31 operações em jan/2026,0.2885
SBGR,SBCY,interregional,voo de Sudeste para Centro-Oeste com 289 operações em jan/2026,0.1764
SBGR,SBDB,interregional,voo de Sudeste para Centro-Oeste com 9 operações em jan/2026,0.4343
SBGR,SBDO,interregional,voo de Sudeste para Centro-Oeste com 14 operações em jan/2026,0.3693
SBGR,SBEG,interregional,voo de Sudeste para Norte com 200 operações em jan/2026,0.1886
SBGR,SBFI,interregional,voo de Sudeste para Sul com 213 operações em jan/2026,0.1864
SBGR,SBFL,interregional,voo de Sudeste para Sul com 305 operações em jan/2026,0.1747
SBGR,SBFN,interregional,voo de Sudeste para Nordeste com 39 operações em jan/2026,0.2711
SBGR,SBFZ,interregional,voo de Sudeste para Nordeste com 379 operações em jan/2026,0.1683
SBGR,SBGL,intrarregional,voo dentro da região Sudeste com 405 operações em jan/2026,0.1665
SBGR,SBGO,interregional,voo de Sudeste para Centro-Oeste com 238 operações em jan/2026,0.1826
SBGR,SBIL,interregional,voo de Sudeste para Nordeste com 126 operações em jan/2026,0.2064
SBGR,SBIZ,interregional,voo de Sudeste para Nordeste com 31 operações em jan/2026,0.2885
SBGR,SBJA,interregional,voo de Sudeste para Sul com 43 operações em jan/2026,0.2643
SBGR,SBJE,interregional,voo de Sudeste para Nordeste com 93 operações em jan/2026,0.2201
SBGR,SBJP,interregional,voo de Sudeste para Nordeste com 179 operações em jan/2026,0.1926
SBGR,SBJU,interregional,voo de Sudeste para Nordeste com 120 operações em jan/2026,0.2085
SBGR,SBJV,interregional,voo de Sudeste para Sul com 52 operações em jan/2026,0.2519
SBGR,SBKP,intrarregional,voo dentro da região Sudeste com 1 operação em jan/2026,1.4427
SBGR,SBLO,interregional,voo de Sudeste para Sul com 80 operações em jan/2026,0.2276
SBGR,SBMG,interregional,voo de Sudeste para Sul com 114 operações em jan/2026,0.2108
SBGR,SBMK,intrarregional,voo dentro da região Sudeste com 31 operações em jan/2026,0.2885
SBGR,SBMO,interregional,voo de Sudeste para Nordeste com 308 operações em jan/2026,0.1744
SBGR,SBMQ,interregional,voo de Sudeste para Norte com 17 operações em jan/2026,0.346
SBGR,SBNF,interregional,voo de Sudeste para Sul com 188 operações em jan/2026,0.1908
SBGR,SBPA,interregional,voo de Sudeste para Sul com 504 operações em jan/2026,0.1607
SBGR,SBPF,interregional,voo de Sudeste para Sul com 45 operações em jan/2026,0.2612
SBGR,SBPJ,interregional,voo de Sudeste para Norte com 93 operações em jan/2026,0.2201
SBGR,SBPK,interregional,voo de Sudeste para Sul com 14 operações em jan/2026,0.3693
SBGR,SBPL,interregional,voo de Sudeste para Nordeste com 114 operações em jan/2026,0.2108
SBGR,SBPS,interregional,voo de Sudeste para Nordeste com 185 operações em jan/2026,0.1914
SBGR,SBPV,interregional,voo de Sudeste para Norte com 31 operações em jan/2026,0.2885
SBGR,SBRB,interregional,voo de Sudeste para Norte com 14 operações em jan/2026,0.3693
SBGR,SBRF,interregional,voo de Sudeste para Nordeste com 518 operações em jan/2026,0.16
SBGR,SBRJ,intrarregional,voo dentro da região Sudeste com 115 operações em jan/2026,0.2104
SBGR,SBRP,intrarregional,voo dentro da região Sudeste com 31 operações em jan/2026,0.2885
SBGR,SBSG,interregional,voo de Sudeste para Nordeste com 235 operações em jan/2026,0.183
SBGR,SBSI,interregional,voo de Sudeste para Centro-Oeste com 62 operações em jan/2026,0.2414
SBGR,SBSL,interregional,voo de Sudeste para Nordeste com 139 operações em jan/2026,0.2024
SBGR,SBSP,intrarregional,voo dentro da região Sudeste com 16 operações em jan/2026,0.353
SBGR,SBSR,intrarregional,voo dentro da região Sudeste com 53 operações em jan/2026,0.2507
SBGR,SBSV,interregional,voo de Sudeste para Nordeste com 435 operações em jan/2026,0.1645
SBGR,SBTC,interregional,voo de Sudeste para Nordeste com 6 operações em jan/2026,0.5139
SBGR,SBTE,interregional,voo de Sudeste para Nordeste com 124 operações em jan/2026,0.2071
SBGR,SBUL,intrarregional,voo dentro da região Sudeste com 92 operações em jan/2026,0.2206
SBGR,SBUR,intrarregional,voo dentro da região Sudeste com 12 operações em jan/2026,0.3899
SBGR,SBVC,interregional,voo de Sudeste para Nordeste com 105 operações em jan/2026,0.2144
SBGR,SBVT,intrarregional,voo dentro da região Sudeste com 280 operações em jan/2026,0.1774
SBGR,SDSC,intrarregional,voo dentro da região Sudeste com 11 operações em jan/2026,0.4024
SBGV,SBCF,intrarregional,voo dentro da região Sudeste com 56 operações em jan/2026,0.2473
SBHT,SBBE,intrarregional,voo dentro da região Norte com 31 operações em jan/2026,0.2885
SBIH,SBEG,intrarregional,voo dentro da região Norte com 13 operações em jan/2026,0.3789
SBIL,SBCF,interregional,voo de Nordeste para Sudeste com 49 operações em jan/2026,0.2556
SBIL,SBGL,interregional,voo de Nordeste para Sudeste com 5 operações em jan/2026,0.5581
SBIL,SBGR,interregional,voo de Nordeste para Sudeste com 126 operações em jan/2026,0.2064
SBIL,SBKP,interregional,voo de Nordeste para Sudeste com 31 operações em jan/2026,0.2885
SBIL,SBRP,interregional,voo de Nordeste para Sudeste com 1 operação em jan/2026,1.4427
SBIL,SBSP,interregional,voo de Nordeste para Sudeste com 109 operações em jan/2026,0.2127
SBIL,SBSV,intrarregional,voo dentro da região Nordeste com 8 operações em jan/2026,0.4551
SBIP,SBCF,intrarregional,voo dentro da região Sudeste com 114 operações em jan/2026,0.2108
SBIZ,SBBR,interregional,voo de Nordeste para Centro-Oeste com 31 operações em jan/2026,0.2885
SBIZ,SBCF,interregional,voo de Nordeste para Sudeste com 17 operações em jan/2026,0.346
SBIZ,SBGR,interregional,voo de Nordeste para Sudeste com 32 operações em jan/2026,0.286
SBIZ,SBSL,intrarregional,voo dentro da região Nordeste com 30 operações em jan/2026,0.2912
SBJA,SBFL,intrarregional,voo dentro da região Sul com 1 operação em jan/2026,1.4427
SBJA,SBGR,interregional,voo de Sul para Sudeste com 44 operações em jan/2026,0.2627
SBJD,SBCF,intrarregional,voo dentro da região Sudeste com 1 operação em jan/2026,1.4427
SBJD,SBKP,intrarregional,voo dentro da região Sudeste com 3 operações em jan/2026,0.7213
SBJD,SBMG,interregional,voo de Sudeste para Sul com 1 operação em jan/2026,1.4427
SBJD,SBRP,intrarregional,voo dentro da região Sudeste com 1 operação em jan/2026,1.4427
SBJD,SBSJ,intrarregional,voo dentro da região Sudeste com 4 operações em jan/2026,0.6213
SBJD,SBUL,intrarregional,voo dentro da região Sudeste com 1 operação em jan/2026,1.4427
SBJE,SBCF,interregional,voo de Nordeste para Sudeste com 18 operações em jan/2026,0.3396
SBJE,SBGR,interregional,voo de Nordeste para Sudeste com 93 operações em jan/2026,0.2201
SBJI,SBKP,interregional,voo de Norte para Sudeste com 9 operações em jan/2026,0.4343
SBJP,SBBR,interregional,voo de Nordeste para Centro-Oeste com 123 operações em jan/2026,0.2075
SBJP,SBCA,interregional,voo de Nordeste para Sul com 5 operações em jan/2026,0.5581
SBJP,SBCF,interregional,voo de Nordeste para Sudeste com 54 operações em jan/2026,0.2495
SBJP,SBFN,intrarregional,voo dentro da região Nordeste com 1 operação em jan/2026,1.4427
SBJP,SBGL,interregional,voo de Nordeste para Sudeste com 73 operações em jan/2026,0.2323
SBJP,SBGO,interregional,voo de Nordeste para Centro-Oeste com 4 operações em jan/2026,0.6213
SBJP,SBGR,interregional,voo de Nordeste para Sudeste com 179 operações em jan/2026,0.1926
SBJP,SBKP,interregional,voo de Nordeste para Sudeste com 35 operações em jan/2026,0.2791
SBJP,SBPS,intrarregional,voo dentro da região Nordeste com 1 operação em jan/2026,1.4427
SBJP,SBRF,intrarregional,voo dentro da região Nordeste com 33 operações em jan/2026,0.2836
SBJP,SBRP,interregional,voo de Nordeste para Sudeste com 5 operações em jan/2026,0.5581
SBJP,SBSP,interregional,voo de Nordeste para Sudeste com 106 operações em jan/2026,0.214
SBJP,SBSR,interregional,voo de Nordeste para Sudeste com 5 operações em jan/2026,0.5581
SBJP,SBSV,intrarregional,voo dentro da região Nordeste com 32 operações em jan/2026,0.286
SBJP,SBUL,interregional,voo de Nordeste para Sudeste com 9 operações em jan/2026,0.4343
SBJR,SBBZ,intrarregional,voo dentro da região Sudeste com 1 operação em jan/2026,1.4427
SBJR,SBCF,intrarregional,voo dentro da região Sudeste com 26 operações em jan/2026,0.3034
SBJR,SBGL,intrarregional,voo dentro da região Sudeste com 1 operação em jan/2026,1.4427
SBJR,SBKP,intrarregional,voo dentro da região Sudeste com 32 operações em jan/2026,0.286
SBJU,SBFZ,intrarregional,voo dentro da região Nordeste com 31 operações em jan/2026,0.2885
SBJU,SBGL,interregional,voo de Nordeste para Sudeste com 1 operação em jan/2026,1.4427
SBJU,SBGR,interregional,voo de Nordeste para Sudeste com 119 operações em jan/2026,0.2089
SBJU,SBKP,interregional,voo de Nordeste para Sudeste com 30 operações em jan/2026,0.2912
SBJU,SBRF,intrarregional,voo dentro da região Nordeste com 53 operações em jan/2026,0.2507
SBJV,SBGL,interregional,voo de Sul para Sudeste com 1 operação em jan/2026,1.4427
SBJV,SBGR,interregional,voo de Sul para Sudeste com 52 operações em jan/2026,0.2519
SBJV,SBKP,interregional,voo de Sul para Sudeste com 48 operações em jan/2026,0.2569
SBJV,SBSP,interregional,voo de Sul para Sudeste com 62 operações em jan/2026,0.2414
SBKG,SBCF,interregional,voo de Nordeste para Sudeste com 13 operações em jan/2026,0.3789
SBKG,SBRF,intrarregional,voo dentro da região Nordeste com 45 operações em jan/2026,0.2612
SBKG,SBSV,intrarregional,voo dentro da região Nordeste com 18 operações em jan/2026,0.3396
SBKP,SBAE,intrarregional,voo dentro da região Sudeste com 32 operações em jan/2026,0.286
SBKP,SBAQ,intrarregional,voo dentro da região Sudeste com 13 operações em jan/2026,0.3789
SBKP,SBAR,interregional,voo de Sudeste para Nordeste com 31 operações em jan/2026,0.2885
SBKP,SBAT,interregional,voo de Sudeste para Centro-Oeste com 12 operações em jan/2026,0.3899
SBKP,SBAU,intrarregional,voo dentro da região Sudeste com 31 operações em jan/2026,0.2885
SBKP,SBBE,interregional,voo de Sudeste para Norte com 93 operações em jan/2026,0.2201
SBKP,SBBH,intrarregional,voo dentro da região Sudeste com 2 operações em jan/2026,0.9102
SBKP,SBBR,interregional,voo de Sudeste para Centro-Oeste com 268 operações em jan/2026,0.1787
SBKP,SBCA,interregional,voo de Sudeste para Sul com 57 operações em jan/2026,0.2463
SBKP,SBCF,intrarregional,voo dentro da região Sudeste com 211 operações em jan/2026,0.1867
SBKP,SBCG,interregional,voo de Sudeste para Centro-Oeste com 83 operações em jan/2026,0.2257
SBKP,SBCH,interregional,voo de Sudeste para Sul com 32 operações em jan/2026,0.286
SBKP,SBCT,interregional,voo de Sudeste para Sul com 195 operações em jan/2026,0.1895
SBKP,SBCX,interregional,voo de Sudeste para Sul com 30 operações em jan/2026,0.2912
SBKP,SBCY,interregional,voo de Sudeste para Centro-Oeste com 138 operações em jan/2026,0.2027
SBKP,SBDB,interregional,voo de Sudeste para Centro-Oeste com 13 operações em jan/2026,0.3789
SBKP,SBDN,intrarregional,voo dentro da região Sudeste com 64 operações em jan/2026,0.2396
SBKP,SBEG,interregional,voo de Sudeste para Norte com 108 operações em jan/2026,0.2132
SBKP,SBFI,interregional,voo de Sudeste para Sul com 84 operações em jan/2026,0.2251
SBKP,SBFL,interregional,voo de Sudeste para Sul com 132 operações em jan/2026,0.2045
SBKP,SBFZ,interregional,voo de Sudeste para Nordeste com 74 operações em jan/2026,0.2316
SBKP,SBGL,intrarregional,voo dentro da região Sudeste com 185 operações em jan/2026,0.1914
SBKP,SBGO,interregional,voo de Sudeste para Centro-Oeste com 126 operações em jan/2026,0.2064
SBKP,SBGR,intrarregional,voo dentro da região Sudeste com 13 operações em jan/2026,0.3789
SBKP,SBIL,interregional,voo de Sudeste para Nordeste com 31 operações em jan/2026,0.2885
SBKP,SBIP,intrarregional,voo dentro da região Sudeste com 1 operação em jan/2026,1.4427
SBKP,SBJD,intrarregional,voo dentro da região Sudeste com 3 operações em jan/2026,0.7213
SBKP,SBJI,interregional,voo de Sudeste para Norte com 9 operações em jan/2026,0.4343
SBKP,SBJP,interregional,voo de Sudeste para Nordeste com 33 operações em jan/2026,0.2836
SBKP,SBJR,intrarregional,voo dentro da região Sudeste com 32 operações em jan/2026,0.286
SBKP,SBJU,interregional,voo de Sudeste para Nordeste com 31 operações em jan/2026,0.2885
SBKP,SBJV,interregional,voo de Sudeste para Sul com 47 operações em jan/2026,0.2583
SBKP,SBLO,interregional,voo de Sudeste para Sul com 51 operações em jan/2026,0.2531
SBKP,SBMG,interregional,voo de Sudeste para Sul com 71 operações em jan/2026,0.2338
SBKP,SBML,intrarregional,voo dentro da região Sudeste com 26 operações em jan/2026,0.3034
SBKP,SBMO,interregional,voo de Sudeste para Nordeste com 73 operações em jan/2026,0.2323
SBKP,SBNF,interregional,voo de Sudeste para Sul com 133 operações em jan/2026,0.2042
SBKP,SBPA,interregional,voo de Sudeste para Sul com 179 operações em jan/2026,0.1926
SBKP,SBPF,interregional,voo de Sudeste para Sul com 30 operações em jan/2026,0.2912
SBKP,SBPJ,interregional,voo de Sudeste para Norte com 31 operações em jan/2026,0.2885
SBKP,SBPL,interregional,voo de Sudeste para Nordeste com 31 operações em jan/2026,0.2885
SBKP,SBPO,interregional,voo de Sudeste para Centro-Oeste com 17 operações em jan/2026,0.346
SBKP,SBPP,interregional,voo de Sudeste para Centro-Oeste com 13 operações em jan/2026,0.3789
SBKP,SBPS,interregional,voo de Sudeste para Nordeste com 73 operações em jan/2026,0.2323
SBKP,SBRD,interregional,voo de Sudeste para Centro-Oeste com 21 operações em jan/2026,0.3235
SBKP,SBRF,interregional,voo de Sudeste para Nordeste com 218 operações em jan/2026,0.1856
SBKP,SBRJ,intrarregional,voo dentro da região Sudeste com 245 operações em jan/2026,0.1816
SBKP,SBRP,intrarregional,voo dentro da região Sudeste com 147 operações em jan/2026,0.2001
SBKP,SBSG,interregional,voo de Sudeste para Nordeste com 40 operações em jan/2026,0.2693
SBKP,SBSI,interregional,voo de Sudeste para Centro-Oeste com 30 operações em jan/2026,0.2912
SBKP,SBSL,interregional,voo de Sudeste para Nordeste com 31 operações em jan/2026,0.2885
SBKP,SBSP,intrarregional,voo dentro da região Sudeste com 16 operações em jan/2026,0.353
SBKP,SBSR,intrarregional,voo dentro da região Sudeste com 117 operações em jan/2026,0.2096
SBKP,SBSV,interregional,voo de Sudeste para Nordeste com 186 operações em jan/2026,0.1912
SBKP,SBTE,interregional,voo de Sudeste para Nordeste com 31 operações em jan/2026,0.2885
SBKP,SBUL,intrarregional,voo dentro da região Sudeste com 103 operações em jan/2026,0.2153
SBKP,SBVH,interregional,voo de Sudeste para Norte com 9 operações em jan/2026,0.4343
SBKP,SBVT,intrarregional,voo dentro da região Sudeste com 98 operações em jan/2026,0.2176
SBKP,SBZM,intrarregional,voo dentro da região Sudeste com 30 operações em jan/2026,0.2912
SBKP,SIMK,intrarregional,voo dentro da região Sudeste com 14 operações em jan/2026,0.3693
SBKP,SNBA,interregional,voo de Sudeste para Nordeste com 1 operação em jan/2026,1.4427
SBKP,SSKW,interregional,voo de Sudeste para Norte com 8 operações em jan/2026,0.4551
SBLE,SBCF,interregional,voo de Nordeste para Sudeste com 1 operação em jan/2026,1.4427
SBLE,SBSV,intrarregional,voo dentro da região Nordeste com 8 operações em jan/2026,0.4551
SBLO,SBCA,intrarregional,voo dentro da região Sul com 1 operação em jan/2026,1.4427
SBLO,SBCT,intrarregional,voo dentro da região Sul com 30 operações em jan/2026,0.2912
SBLO,SBGR,interregional,voo de Sul para Sudeste com 79 operações em jan/2026,0.2282
SBLO,SBKP,interregional,voo de Sul para Sudeste com 52 operações em jan/2026,0.2519
SBLO,SBMO,interregional,voo de Sul para Nordeste com 4 operações em jan/2026,0.6213
SBLO,SBNF,intrarregional,voo dentro da região Sul com 1 operação em jan/2026,1.4427
SBLO,SBSP,interregional,voo de Sul para Sudeste com 58 operações em jan/2026,0.2452
SBMA,SBBE,intrarregional,voo dentro da região Norte com 45 operações em jan/2026,0.2612
SBMA,SBBR,interregional,voo de Norte para Centro-Oeste com 63 operações em jan/2026,0.2404
SBMA,SBCF,interregional,voo de Norte para Sudeste com 18 operações em jan/2026,0.3396
SBMD,SNMZ,intrarregional,voo dentro da região Norte com 8 operações em jan/2026,0.4551
SBMG,SBCT,intrarregional,voo dentro da região Sul com 47 operações em jan/2026,0.2583
SBMG,SBGL,interregional,voo de Sul para Sudeste com 1 operação em jan/2026,1.4427
SBMG,SBGR,interregional,voo de Sul para Sudeste com 109 operações em jan/2026,0.2127
SBMG,SBKP,interregional,voo de Sul para Sudeste com 74 operações em jan/2026,0.2316
SBMG,SBSP,interregional,voo de Sul para Sudeste com 67 operações em jan/2026,0.237
SBMK,SBBR,interregional,voo de Sudeste para Centro-Oeste com 1 operação em jan/2026,1.4427
SBMK,SBCF,intrarregional,voo dentro da região Sudeste com 89 operações em jan/2026,0.2222
SBMK,SBGR,intrarregional,voo dentro da região Sudeste com 31 operações em jan/2026,0.2885
SBMK,SBSP,intrarregional,voo dentro da região Sudeste com 26 operações em jan/2026,0.3034
SBML,SBAE,intrarregional,voo dentro da região Sudeste com 1 operação em jan/2026,1.4427
SBML,SBKP,intrarregional,voo dentro da região Sudeste com 25 operações em jan/2026,0.3069
SBMO,SBAE,interregional,voo de Nordeste para Sudeste com 9 operações em jan/2026,0.4343
SBMO,SBBR,interregional,voo de Nordeste para Centro-Oeste com 123 operações em jan/2026,0.2075
SBMO,SBCA,interregional,voo de Nordeste para Sul com 9 operações em jan/2026,0.4343
SBMO,SBCF,interregional,voo de Nordeste para Sudeste com 92 operações em jan/2026,0.2206
SBMO,SBCT,interregional,voo de Nordeste para Sul com 5 operações em jan/2026,0.5581
SBMO,SBDN,interregional,voo de Nordeste para Sudeste com 9 operações em jan/2026,0.4343
SBMO,SBGL,interregional,voo de Nordeste para Sudeste com 106 operações em jan/2026,0.214
SBMO,SBGO,interregional,voo de Nordeste para Centro-Oeste com 17 operações em jan/2026,0.346
SBMO,SBGR,interregional,voo de Nordeste para Sudeste com 311 operações em jan/2026,0.1741
SBMO,SBKP,interregional,voo de Nordeste para Sudeste com 76 operações em jan/2026,0.2302
SBMO,SBLO,interregional,voo de Nordeste para Sul com 4 operações em jan/2026,0.6213
SBMO,SBPL,intrarregional,voo dentro da região Nordeste com 1 operação em jan/2026,1.4427
SBMO,SBRF,intrarregional,voo dentro da região Nordeste com 66 operações em jan/2026,0.2378
SBMO,SBRP,interregional,voo de Nordeste para Sudeste com 14 operações em jan/2026,0.3693
SBMO,SBSP,interregional,voo de Nordeste para Sudeste com 167 operações em jan/2026,0.1952
SBMO,SBSR,interregional,voo de Nordeste para Sudeste com 22 operações em jan/2026,0.3189
SBMO,SBSV,intrarregional,voo dentro da região Nordeste com 35 operações em jan/2026,0.2791
SBMO,SBUL,interregional,voo de Nordeste para Sudeste com 18 operações em jan/2026,0.3396
SBMQ,SBBE,intrarregional,voo dentro da região Norte com 122 operações em jan/2026,0.2078
SBMQ,SBBR,interregional,voo de Norte para Centro-Oeste com 31 operações em jan/2026,0.2885
SBMQ,SBCF,interregional,voo de Norte para Sudeste com 1 operação em jan/2026,1.4427
SBMQ,SBCJ,intrarregional,voo dentro da região Norte com 1 operação em jan/2026,1.4427
SBMQ,SBGL,interregional,voo de Norte para Sudeste com 1 operação em jan/2026,1.4427
SBMQ,SBGR,interregional,voo de Norte para Sudeste com 17 operações em jan/2026,0.346
SBMY,SBEG,intrarregional,voo dentro da região Norte com 18 operações em jan/2026,0.3396
SBMY,SWYN,intrarregional,voo dentro da região Norte com 1 operação em jan/2026,1.4427
SBNF,SBCF,interregional,voo de Sul para Sudeste com 8 operações em jan/2026,0.4551
SBNF,SBGL,interregional,voo de Sul para Sudeste com 107 operações em jan/2026,0.2136
SBNF,SBGR,interregional,voo de Sul para Sudeste com 192 operações em jan/2026,0.19
SBNF,SBKP,interregional,voo de Sul para Sudeste com 132 operações em jan/2026,0.2045
SBNF,SBLO,intrarregional,voo dentro da região Sul com 1 operação em jan/2026,1.4427
SBNF,SBRP,interregional,voo de Sul para Sudeste com 1 operação em jan/2026,1.4427
SBNF,SBSP,interregional,voo de Sul para Sudeste com 328 operações em jan/2026,0.1725
SBNM,SBPA,intrarregional,voo dentro da região Sul com 17 operações em jan/2026,0.346
SBNM,SBSP,interregional,voo de Sul para Sudeste com 13 operações em jan/2026,0.3789
SBOI,SBBE,intrarregional,voo dentro da região Norte com 39 operações em jan/2026,0.2711
SBPA,SBBR,interregional,voo de Sul para Centro-Oeste com 153 operações em jan/2026,0.1985
SBPA,SBCF,interregional,voo de Sul para Sudeste com 139 operações em jan/2026,0.2024
SBPA,SBCT,intrarregional,voo dentro da região Sul com 159 operações em jan/2026,0.197
SBPA,SBFL,intrarregional,voo dentro da região Sul com 32 operações em jan/2026,0.286
SBPA,SBGL,interregional,voo de Sul para Sudeste com 368 operações em jan/2026,0.1692
SBPA,SBGR,interregional,voo de Sul para Sudeste com 504 operações em jan/2026,0.1607
SBPA,SBKP,interregional,voo de Sul para Sudeste com 183 operações em jan/2026,0.1918
SBPA,SBNM,intrarregional,voo dentro da região Sul com 17 operações em jan/2026,0.346
SBPA,SBPK,intrarregional,voo dentro da região Sul com 13 operações em jan/2026,0.3789
SBPA,SBRF,interregional,voo de Sul para Nordeste com 57 operações em jan/2026,0.2463
SBPA,SBSM,intrarregional,voo dentro da região Sul com 13 operações em jan/2026,0.3789
SBPA,SBSP,interregional,voo de Sul para Sudeste com 628 operações em jan/2026,0.1552
SBPA,SBSV,interregional,voo de Sul para Nordeste com 19 operações em jan/2026,0.3338
SBPA,SBUG,intrarregional,voo dentro da região Sul com 17 operações em jan/2026,0.346
SBPA,SBVT,interregional,voo de Sul para Sudeste com 1 operação em jan/2026,1.4427
SBPB,SBFZ,intrarregional,voo dentro da região Nordeste com 12 operações em jan/2026,0.3899
SBPF,SBGR,interregional,voo de Sul para Sudeste com 45 operações em jan/2026,0.2612
SBPF,SBKP,interregional,voo de Sul para Sudeste com 30 operações em jan/2026,0.2912
SBPJ,SBBR,interregional,voo de Norte para Centro-Oeste com 66 operações em jan/2026,0.2378
SBPJ,SBCF,interregional,voo de Norte para Sudeste com 14 operações em jan/2026,0.3693
SBPJ,SBGO,interregional,voo de Norte para Centro-Oeste com 30 operações em jan/2026,0.2912
SBPJ,SBGR,interregional,voo de Norte para Sudeste com 92 operações em jan/2026,0.2206
SBPJ,SBKP,interregional,voo de Norte para Sudeste com 31 operações em jan/2026,0.2885
SBPJ,SBMA,intrarregional,voo dentro da região Norte com 1 operação em jan/2026,1.4427
SBPJ,SWGN,intrarregional,voo dentro da região Norte com 13 operações em jan/2026,0.3789
SBPK,SBGR,interregional,voo de Sul para Sudeste com 14 operações em jan/2026,0.3693
SBPK,SBPA,intrarregional,voo dentro da região Sul com 13 operações em jan/2026,0.3789
SBPK,SBSP,interregional,voo de Sul para Sudeste com 13 operações em jan/2026,0.3789
SBPL,SBGR,interregional,voo de Nordeste para Sudeste com 114 operações em jan/2026,0.2108
SBPL,SBKP,interregional,voo de Nordeste para Sudeste com 30 operações em jan/2026,0.2912
SBPL,SBMO,intrarregional,voo dentro da região Nordeste com 1 operação em jan/2026,1.4427
SBPL,SBRF,intrarregional,voo dentro da região Nordeste com 37 operações em jan/2026,0.2749
SBPL,SBSV,intrarregional,voo dentro da região Nordeste com 14 operações em jan/2026,0.3693
SBPO,SBCT,interregional,voo de Centro-Oeste para Sul com 13 operações em jan/2026,0.3789
SBPO,SBKP,interregional,voo de Centro-Oeste para Sudeste com 17 operações em jan/2026,0.346
SBPP,SBKP,interregional,voo de Centro-Oeste para Sudeste com 13 operações em jan/2026,0.3789
SBPS,SBAE,interregional,voo de Nordeste para Sudeste com 5 operações em jan/2026,0.5581
SBPS,SBBR,interregional,voo de Nordeste para Centro-Oeste com 71 operações em jan/2026,0.2338
SBPS,SBCA,interregional,voo de Nordeste para Sul com 4 operações em jan/2026,0.6213
SBPS,SBCF,interregional,voo de Nordeste para Sudeste com 216 operações em jan/2026,0.1859
SBPS,SBCT,interregional,voo de Nordeste para Sul com 1 operação em jan/2026,1.4427
SBPS,SBDN,interregional,voo de Nordeste para Sudeste com 9 operações em jan/2026,0.4343
SBPS,SBGL,interregional,voo de Nordeste para Sudeste com 95 operações em jan/2026,0.2191
SBPS,SBGO,interregional,voo de Nordeste para Centro-Oeste com 14 operações em jan/2026,0.3693
SBPS,SBGR,interregional,voo de Nordeste para Sudeste com 187 operações em jan/2026,0.191
SBPS,SBKP,interregional,voo de Nordeste para Sudeste com 73 operações em jan/2026,0.2323
SBPS,SBMO,intrarregional,voo dentro da região Nordeste com 1 operação em jan/2026,1.4427
SBPS,SBRF,intrarregional,voo dentro da região Nordeste com 1 operação em jan/2026,1.4427
SBPS,SBRJ,interregional,voo de Nordeste para Sudeste com 47 operações em jan/2026,0.2583
SBPS,SBRP,interregional,voo de Nordeste para Sudeste com 23 operações em jan/2026,0.3147
SBPS,SBSP,interregional,voo de Nordeste para Sudeste com 255 operações em jan/2026,0.1803
SBPS,SBSR,interregional,voo de Nordeste para Sudeste com 18 operações em jan/2026,0.3396
SBPS,SBSV,intrarregional,voo dentro da região Nordeste com 40 operações em jan/2026,0.2693
SBPS,SBUL,interregional,voo de Nordeste para Sudeste com 17 operações em jan/2026,0.346
SBPS,SBVT,interregional,voo de Nordeste para Sudeste com 1 operação em jan/2026,1.4427
SBPV,SBBR,interregional,voo de Norte para Centro-Oeste com 61 operações em jan/2026,0.2423
SBPV,SBCF,interregional,voo de Norte para Sudeste com 15 operações em jan/2026,0.3607
SBPV,SBCY,interregional,voo de Norte para Centro-Oeste com 18 operações em jan/2026,0.3396
SBPV,SBEG,intrarregional,voo dentro da região Norte com 49 operações em jan/2026,0.2556
SBPV,SBGR,interregional,voo de Norte para Sudeste com 31 operações em jan/2026,0.2885
SBPV,SBMK,interregional,voo de Norte para Sudeste com 1 operação em jan/2026,1.4427
SBRB,SBBR,interregional,voo de Norte para Centro-Oeste com 62 operações em jan/2026,0.2414
SBRB,SBCF,interregional,voo de Norte para Sudeste com 17 operações em jan/2026,0.346
SBRB,SBCZ,intrarregional,voo dentro da região Norte com 17 operações em jan/2026,0.346
SBRB,SBEG,intrarregional,voo dentro da região Norte com 14 operações em jan/2026,0.3693
SBRB,SBGR,interregional,voo de Norte para Sudeste com 14 operações em jan/2026,0.3693
SBRD,SBCT,interregional,voo de Centro-Oeste para Sul com 1 operação em jan/2026,1.4427
SBRD,SBKP,interregional,voo de Centro-Oeste para Sudeste com 22 operações em jan/2026,0.3189
SBRF,SBAE,interregional,voo de Nordeste para Sudeste com 5 operações em jan/2026,0.5581
SBRF,SBAR,intrarregional,voo dentro da região Nordeste com 62 operações em jan/2026,0.2414
SBRF,SBBE,interregional,voo de Nordeste para Norte com 62 operações em jan/2026,0.2414
SBRF,SBBR,interregional,voo de Nordeste para Centro-Oeste com 264 operações em jan/2026,0.1792
SBRF,SBCF,interregional,voo de Nordeste para Sudeste com 220 operações em jan/2026,0.1852
SBRF,SBCT,interregional,voo de Nordeste para Sul com 9 operações em jan/2026,0.4343
SBRF,SBEG,interregional,voo de Nordeste para Norte com 58 operações em jan/2026,0.2452
SBRF,SBFI,interregional,voo de Nordeste para Sul com 9 operações em jan/2026,0.4343
SBRF,SBFL,interregional,voo de Nordeste para Sul com 9 operações em jan/2026,0.4343
SBRF,SBFN,intrarregional,voo dentro da região Nordeste com 98 operações em jan/2026,0.2176
SBRF,SBFZ,intrarregional,voo dentro da região Nordeste com 211 operações em jan/2026,0.1867
SBRF,SBGL,interregional,voo de Nordeste para Sudeste com 304 operações em jan/2026,0.1748
SBRF,SBGO,interregional,voo de Nordeste para Centro-Oeste com 66 operações em jan/2026,0.2378
SBRF,SBGR,interregional,voo de Nordeste para Sudeste com 520 operações em jan/2026,0.1599
SBRF,SBJP,intrarregional,voo dentro da região Nordeste com 32 operações em jan/2026,0.286
SBRF,SBJU,intrarregional,voo dentro da região Nordeste com 52 operações em jan/2026,0.2519
SBRF,SBKG,intrarregional,voo dentro da região Nordeste com 44 operações em jan/2026,0.2627
SBRF,SBKP,interregional,voo de Nordeste para Sudeste com 219 operações em jan/2026,0.1854
SBRF,SBMO,intrarregional,voo dentro da região Nordeste com 62 operações em jan/2026,0.2414
SBRF,SBPA,interregional,voo de Nordeste para Sul com 57 operações em jan/2026,0.2463
SBRF,SBPL,intrarregional,voo dentro da região Nordeste com 37 operações em jan/2026,0.2749
SBRF,SBRP,interregional,voo de Nordeste para Sudeste com 13 operações em jan/2026,0.3789
SBRF,SBSG,intrarregional,voo dentro da região Nordeste com 93 operações em jan/2026,0.2201
SBRF,SBSL,intrarregional,voo dentro da região Nordeste com 58 operações em jan/2026,0.2452
SBRF,SBSP,interregional,voo de Nordeste para Sudeste com 457 operações em jan/2026,0.1632
SBRF,SBSR,interregional,voo de Nordeste para Sudeste com 14 operações em jan/2026,0.3693
SBRF,SBSV,intrarregional,voo dentro da região Nordeste com 188 operações em jan/2026,0.1908
SBRF,SBTE,intrarregional,voo dentro da região Nordeste com 27 operações em jan/2026,0.3001
SBRF,SBUL,interregional,voo de Nordeste para Sudeste com 13 operações em jan/2026,0.3789
SBRF,SBVT,interregional,voo de Nordeste para Sudeste com 32 operações em jan/2026,0.286
SBRF,SNGN,intrarregional,voo dentro da região Nordeste com 5 operações em jan/2026,0.5581
SBRF,SNHS,intrarregional,voo dentro da região Nordeste com 14 operações em jan/2026,0.3693
SBRF,SNRU,intrarregional,voo dentro da região Nordeste com 13 operações em jan/2026,0.3789
SBRF,SNTS,intrarregional,voo dentro da região Nordeste com 13 operações em jan/2026,0.3789
SBRJ,SBBR,interregional,voo de Sudeste para Centro-Oeste com 376 operações em jan/2026,0.1686
SBRJ,SBCF,intrarregional,voo dentro da região Sudeste com 183 operações em jan/2026,0.1918
SBRJ,SBCT,interregional,voo de Sudeste para Sul com 2 operações em jan/2026,0.9102
SBRJ,SBGL,intrarregional,voo dentro da região Sudeste com 2 operações em jan/2026,0.9102
SBRJ,SBGR,intrarregional,voo dentro da região Sudeste com 115 operações em jan/2026,0.2104
SBRJ,SBKP,intrarregional,voo dentro da região Sudeste com 247 operações em jan/2026,0.1814
SBRJ,SBPS,interregional,voo de Sudeste para Nordeste com 47 operações em jan/2026,0.2583
SBRJ,SBSP,intrarregional,voo dentro da região Sudeste com 1478 operações em jan/2026,0.137
SBRJ,SBSV,interregional,voo de Sudeste para Nordeste com 58 operações em jan/2026,0.2452
SBRJ,SBVT,intrarregional,voo dentro da região Sudeste com 1 operação em jan/2026,1.4427
SBRP,SBBR,interregional,voo de Sudeste para Centro-Oeste com 4 operações em jan/2026,0.6213
SBRP,SBCF,intrarregional,voo dentro da região Sudeste com 32 operações em jan/2026,0.286
SBRP,SBFZ,interregional,voo de Sudeste para Nordeste com 4 operações em jan/2026,0.6213
SBRP,SBGR,intrarregional,voo dentro da região Sudeste com 32 operações em jan/2026,0.286
SBRP,SBJD,intrarregional,voo dentro da região Sudeste com 1 operação em jan/2026,1.4427
SBRP,SBJP,interregional,voo de Sudeste para Nordeste com 4 operações em jan/2026,0.6213
SBRP,SBKP,intrarregional,voo dentro da região Sudeste com 155 operações em jan/2026,0.198
SBRP,SBMO,interregional,voo de Sudeste para Nordeste com 13 operações em jan/2026,0.3789
SBRP,SBPS,interregional,voo de Sudeste para Nordeste com 23 operações em jan/2026,0.3147
SBRP,SBRF,interregional,voo de Sudeste para Nordeste com 13 operações em jan/2026,0.3789
SBRP,SBSG,interregional,voo de Sudeste para Nordeste com 10 operações em jan/2026,0.417
SBRP,SBSP,intrarregional,voo dentro da região Sudeste com 81 operações em jan/2026,0.2269
SBRP,SBSV,interregional,voo de Sudeste para Nordeste com 9 operações em jan/2026,0.4343
SBRP,SBUL,intrarregional,voo dentro da região Sudeste com 1 operação em jan/2026,1.4427
SBSG,SBBR,interregional,voo de Nordeste para Centro-Oeste com 92 operações em jan/2026,0.2206
SBSG,SBCF,interregional,voo de Nordeste para Sudeste com 57 operações em jan/2026,0.2463
SBSG,SBDN,interregional,voo de Nordeste para Sudeste com 9 operações em jan/2026,0.4343
SBSG,SBFZ,intrarregional,voo dentro da região Nordeste com 31 operações em jan/2026,0.2885
SBSG,SBGL,interregional,voo de Nordeste para Sudeste com 83 operações em jan/2026,0.2257
SBSG,SBGR,interregional,voo de Nordeste para Sudeste com 234 operações em jan/2026,0.1832
SBSG,SBKP,interregional,voo de Nordeste para Sudeste com 43 operações em jan/2026,0.2643
SBSG,SBRF,intrarregional,voo dentro da região Nordeste com 94 operações em jan/2026,0.2196
SBSG,SBRP,interregional,voo de Nordeste para Sudeste com 10 operações em jan/2026,0.417
SBSG,SBSP,interregional,voo de Nordeste para Sudeste com 131 operações em jan/2026,0.2048
SBSG,SBSR,interregional,voo de Nordeste para Sudeste com 9 operações em jan/2026,0.4343
SBSG,SBSV,intrarregional,voo dentro da região Nordeste com 47 operações em jan/2026,0.2583
SBSG,SBUL,interregional,voo de Nordeste para Sudeste com 9 operações em jan/2026,0.4343
SBSG,SBVT,interregional,voo de Nordeste para Sudeste com 1 operação em jan/2026,1.4427
SBSI,SBBR,intrarregional,voo dentro da região Centro-Oeste com 31 operações em jan/2026,0.2885
SBSI,SBCT,interregional,voo de Centro-Oeste para Sul com 1 operação em jan/2026,1.4427
SBSI,SBCY,intrarregional,voo dentro da região Centro-Oeste com 26 operações em jan/2026,0.3034
SBSI,SBGR,interregional,voo de Centro-Oeste para Sudeste com 62 operações em jan/2026,0.2414
SBSI,SBKP,interregional,voo de Centro-Oeste para Sudeste com 30 operações em jan/2026,0.2912
SBSJ,SBCT,interregional,voo de Sudeste para Sul com 1 operação em jan/2026,1.4427
SBSJ,SBGL,intrarregional,voo dentro da região Sudeste com 13 operações em jan/2026,0.3789
SBSJ,SBGP,intrarregional,voo dentro da região Sudeste com 3 operações em jan/2026,0.7213
SBSJ,SBGR,intrarregional,voo dentro da região Sudeste com 1 operação em jan/2026,1.4427
SBSJ,SBJD,intrarregional,voo dentro da região Sudeste com 4 operações em jan/2026,0.6213
SBSL,SBBE,interregional,voo de Nordeste para Norte com 31 operações em jan/2026,0.2885
SBSL,SBBR,interregional,voo de Nordeste para Centro-Oeste com 76 operações em jan/2026,0.2302
SBSL,SBCF,interregional,voo de Nordeste para Sudeste com 31 operações em jan/2026,0.2885
SBSL,SBCJ,interregional,voo de Nordeste para Norte com 6 operações em jan/2026,0.5139
SBSL,SBCT,interregional,voo de Nordeste para Sul com 1 operação em jan/2026,1.4427
SBSL,SBFZ,intrarregional,voo dentro da região Nordeste com 45 operações em jan/2026,0.2612
SBSL,SBGL,interregional,voo de Nordeste para Sudeste com 39 operações em jan/2026,0.2711
SBSL,SBGR,interregional,voo de Nordeste para Sudeste com 137 operações em jan/2026,0.203
SBSL,SBIZ,intrarregional,voo dentro da região Nordeste com 31 operações em jan/2026,0.2885
SBSL,SBKP,interregional,voo de Nordeste para Sudeste com 31 operações em jan/2026,0.2885
SBSL,SBRF,intrarregional,voo dentro da região Nordeste com 57 operações em jan/2026,0.2463
SBSL,SBRP,interregional,voo de Nordeste para Sudeste com 1 operação em jan/2026,1.4427
SBSL,SBSP,interregional,voo de Nordeste para Sudeste com 25 operações em jan/2026,0.3069
SBSL,SBSV,intrarregional,voo dentro da região Nordeste com 31 operações em jan/2026,0.2885
SBSM,SBPA,intrarregional,voo dentro da região Sul com 13 operações em jan/2026,0.3789
SBSN,SBBE,intrarregional,voo dentro da região Norte com 78 operações em jan/2026,0.2289
SBSN,SBBR,interregional,voo de Norte para Centro-Oeste com 31 operações em jan/2026,0.2885
SBSN,SBEG,intrarregional,voo dentro da região Norte com 54 operações em jan/2026,0.2495
SBSN,SBTB,intrarregional,voo dentro da região Norte com 8 operações em jan/2026,0.4551
SBSO,SBCY,interregional,voo de Sul para Centro-Oeste com 25 operações em jan/2026,0.3069
SBSP,SBAR,interregional,voo de Sudeste para Nordeste com 77 operações em jan/2026,0.2295
SBSP,SBAU,intrarregional,voo dentro da região Sudeste com 17 operações em jan/2026,0.346
SBSP,SBBR,interregional,voo de Sudeste para Centro-Oeste com 564 operações em jan/2026,0.1578
SBSP,SBCF,intrarregional,voo dentro da região Sudeste com 595 operações em jan/2026,0.1565
SBSP,SBCG,interregional,voo de Sudeste para Centro-Oeste com 76 operações em jan/2026,0.2302
SBSP,SBCH,interregional,voo de Sudeste para Sul com 26 operações em jan/2026,0.3034
SBSP,SBCN,interregional,voo de Sudeste para Centro-Oeste com 16 operações em jan/2026,0.353
SBSP,SBCT,interregional,voo de Sudeste para Sul com 480 operações em jan/2026,0.1619
SBSP,SBCX,interregional,voo de Sudeste para Sul com 31 operações em jan/2026,0.2885
SBSP,SBCY,interregional,voo de Sudeste para Centro-Oeste com 100 operações em jan/2026,0.2167
SBSP,SBDB,interregional,voo de Sudeste para Centro-Oeste com 14 operações em jan/2026,0.3693
SBSP,SBDN,intrarregional,voo dentro da região Sudeste com 26 operações em jan/2026,0.3034
SBSP,SBFI,interregional,voo de Sudeste para Sul com 189 operações em jan/2026,0.1906
SBSP,SBFL,interregional,voo de Sudeste para Sul com 420 operações em jan/2026,0.1655
SBSP,SBFZ,interregional,voo de Sudeste para Nordeste com 247 operações em jan/2026,0.1814
SBSP,SBGL,intrarregional,voo dentro da região Sudeste com 144 operações em jan/2026,0.2009
SBSP,SBGO,interregional,voo de Sudeste para Centro-Oeste com 274 operações em jan/2026,0.178
SBSP,SBGR,intrarregional,voo dentro da região Sudeste com 9 operações em jan/2026,0.4343
SBSP,SBIL,interregional,voo de Sudeste para Nordeste com 108 operações em jan/2026,0.2132
SBSP,SBJP,interregional,voo de Sudeste para Nordeste com 107 operações em jan/2026,0.2136
SBSP,SBJV,interregional,voo de Sudeste para Sul com 62 operações em jan/2026,0.2414
SBSP,SBKP,intrarregional,voo dentro da região Sudeste com 6 operações em jan/2026,0.5139
SBSP,SBLO,interregional,voo de Sudeste para Sul com 58 operações em jan/2026,0.2452
SBSP,SBMG,interregional,voo de Sudeste para Sul com 62 operações em jan/2026,0.2414
SBSP,SBMK,intrarregional,voo dentro da região Sudeste com 26 operações em jan/2026,0.3034
SBSP,SBMO,interregional,voo de Sudeste para Nordeste com 167 operações em jan/2026,0.1952
SBSP,SBNF,interregional,voo de Sudeste para Sul com 326 operações em jan/2026,0.1727
SBSP,SBNM,interregional,voo de Sudeste para Sul com 13 operações em jan/2026,0.3789
SBSP,SBPA,interregional,voo de Sudeste para Sul com 629 operações em jan/2026,0.1551
SBSP,SBPK,interregional,voo de Sudeste para Sul com 13 operações em jan/2026,0.3789
SBSP,SBPS,interregional,voo de Sudeste para Nordeste com 256 operações em jan/2026,0.1802
SBSP,SBRF,interregional,voo de Sudeste para Nordeste com 465 operações em jan/2026,0.1628
SBSP,SBRJ,intrarregional,voo dentro da região Sudeste com 1475 operações em jan/2026,0.137
SBSP,SBRP,intrarregional,voo dentro da região Sudeste com 80 operações em jan/2026,0.2276
SBSP,SBSG,interregional,voo de Sudeste para Nordeste com 134 operações em jan/2026,0.2039
SBSP,SBSL,interregional,voo de Sudeste para Nordeste com 25 operações em jan/2026,0.3069
SBSP,SBSR,intrarregional,voo dentro da região Sudeste com 87 operações em jan/2026,0.2233
SBSP,SBSV,interregional,voo de Sudeste para Nordeste com 568 operações em jan/2026,0.1576
SBSP,SBTC,interregional,voo de Sudeste para Nordeste com 4 operações em jan/2026,0.6213
SBSP,SBTE,interregional,voo de Sudeste para Nordeste com 31 operações em jan/2026,0.2885
SBSP,SBUL,intrarregional,voo dentro da região Sudeste com 78 operações em jan/2026,0.2289
SBSP,SBUR,intrarregional,voo dentro da região Sudeste com 1 operação em jan/2026,1.4427
SBSP,SBVT,intrarregional,voo dentro da região Sudeste com 216 operações em jan/2026,0.1859
SBSP,SBZM,intrarregional,voo dentro da região Sudeste com 26 operações em jan/2026,0.3034
SBSP,SDSC,intrarregional,voo dentro da região Sudeste com 2 operações em jan/2026,0.9102
SBSP,SNCP,interregional,voo de Sudeste para Nordeste com 14 operações em jan/2026,0.3693
SBSR,SBBR,interregional,voo de Sudeste para Centro-Oeste com 1 operação em jan/2026,1.4427
SBSR,SBCF,intrarregional,voo dentro da região Sudeste com 27 operações em jan/2026,0.3001
SBSR,SBCT,interregional,voo de Sudeste para Sul com 1 operação em jan/2026,1.4427
SBSR,SBCY,interregional,voo de Sudeste para Centro-Oeste com 5 operações em jan/2026,0.5581
SBSR,SBFZ,interregional,voo de Sudeste para Nordeste com 5 operações em jan/2026,0.5581
SBSR,SBGL,intrarregional,voo dentro da região Sudeste com 1 operação em jan/2026,1.4427
SBSR,SBGR,intrarregional,voo dentro da região Sudeste com 51 operações em jan/2026,0.2531
SBSR,SBJD,intrarregional,voo dentro da região Sudeste com 1 operação em jan/2026,1.4427
SBSR,SBJP,interregional,voo de Sudeste para Nordeste com 5 operações em jan/2026,0.5581
SBSR,SBKP,intrarregional,voo dentro da região Sudeste com 117 operações em jan/2026,0.2096
SBSR,SBMO,interregional,voo de Sudeste para Nordeste com 22 operações em jan/2026,0.3189
SBSR,SBPS,interregional,voo de Sudeste para Nordeste com 18 operações em jan/2026,0.3396
SBSR,SBRF,interregional,voo de Sudeste para Nordeste com 13 operações em jan/2026,0.3789
SBSR,SBSG,interregional,voo de Sudeste para Nordeste com 9 operações em jan/2026,0.4343
SBSR,SBSP,intrarregional,voo dentro da região Sudeste com 87 operações em jan/2026,0.2233
SBSR,SBSV,interregional,voo de Sudeste para Nordeste com 9 operações em jan/2026,0.4343
SBSR,SDCO,intrarregional,voo dentro da região Sudeste com 1 operação em jan/2026,1.4427
SBSV,SBAR,intrarregional,voo dentro da região Nordeste com 57 operações em jan/2026,0.2463
SBSV,SBBH,interregional,voo de Nordeste para Sudeste com 1 operação em jan/2026,1.4427
SBSV,SBBR,interregional,voo de Nordeste para Centro-Oeste com 202 operações em jan/2026,0.1882
SBSV,SBCF,interregional,voo de Nordeste para Sudeste com 205 operações em jan/2026,0.1877
SBSV,SBCT,interregional,voo de Nordeste para Sul com 20 operações em jan/2026,0.3285
SBSV,SBCY,interregional,voo de Nordeste para Centro-Oeste com 7 operações em jan/2026,0.4809
SBSV,SBFZ,intrarregional,voo dentro da região Nordeste com 124 operações em jan/2026,0.2071
SBSV,SBGL,interregional,voo de Nordeste para Sudeste com 318 operações em jan/2026,0.1735
SBSV,SBGO,interregional,voo de Nordeste para Centro-Oeste com 40 operações em jan/2026,0.2693
SBSV,SBGR,interregional,voo de Nordeste para Sudeste com 436 operações em jan/2026,0.1645
SBSV,SBIL,intrarregional,voo dentro da região Nordeste com 10 operações em jan/2026,0.417
SBSV,SBJP,intrarregional,voo dentro da região Nordeste com 31 operações em jan/2026,0.2885
SBSV,SBKG,intrarregional,voo dentro da região Nordeste com 18 operações em jan/2026,0.3396
SBSV,SBKP,interregional,voo de Nordeste para Sudeste com 187 operações em jan/2026,0.191
SBSV,SBLE,intrarregional,voo dentro da região Nordeste com 8 operações em jan/2026,0.4551
SBSV,SBMO,intrarregional,voo dentro da região Nordeste com 36 operações em jan/2026,0.2769
SBSV,SBPA,interregional,voo de Nordeste para Sul com 19 operações em jan/2026,0.3338
SBSV,SBPL,intrarregional,voo dentro da região Nordeste com 14 operações em jan/2026,0.3693
SBSV,SBPS,intrarregional,voo dentro da região Nordeste com 41 operações em jan/2026,0.2675
SBSV,SBRF,intrarregional,voo dentro da região Nordeste com 188 operações em jan/2026,0.1908
SBSV,SBRJ,interregional,voo de Nordeste para Sudeste com 57 operações em jan/2026,0.2463
SBSV,SBRP,interregional,voo de Nordeste para Sudeste com 9 operações em jan/2026,0.4343
SBSV,SBSG,intrarregional,voo dentro da região Nordeste com 46 operações em jan/2026,0.2597
SBSV,SBSL,intrarregional,voo dentro da região Nordeste com 31 operações em jan/2026,0.2885
SBSV,SBSP,interregional,voo de Nordeste para Sudeste com 572 operações em jan/2026,0.1575
SBSV,SBSR,interregional,voo de Nordeste para Sudeste com 9 operações em jan/2026,0.4343
SBSV,SBUL,interregional,voo de Nordeste para Sudeste com 9 operações em jan/2026,0.4343
SBSV,SBVC,intrarregional,voo dentro da região Nordeste com 13 operações em jan/2026,0.3789
SBSV,SBVT,interregional,voo de Nordeste para Sudeste com 31 operações em jan/2026,0.2885
SBSV,SDLO,intrarregional,voo dentro da região Nordeste com 5 operações em jan/2026,0.5581
SBSV,SNBR,intrarregional,voo dentro da região Nordeste com 13 operações em jan/2026,0.3789
SBSV,SNCL,intrarregional,voo dentro da região Nordeste com 113 operações em jan/2026,0.2111
SBSV,SNGI,intrarregional,voo dentro da região Nordeste com 13 operações em jan/2026,0.3789
SBTB,SBEG,intrarregional,voo dentro da região Norte com 8 operações em jan/2026,0.4551
SBTB,SBSN,intrarregional,voo dentro da região Norte com 5 operações em jan/2026,0.5581
SBTC,SBCF,interregional,voo de Nordeste para Sudeste com 4 operações em jan/2026,0.6213
SBTC,SBGR,interregional,voo de Nordeste para Sudeste com 6 operações em jan/2026,0.5139
SBTC,SBSP,interregional,voo de Nordeste para Sudeste com 4 operações em jan/2026,0.6213
SBTE,SBBR,interregional,voo de Nordeste para Centro-Oeste com 93 operações em jan/2026,0.2201
SBTE,SBCF,interregional,voo de Nordeste para Sudeste com 34 operações em jan/2026,0.2813
SBTE,SBFZ,intrarregional,voo dentro da região Nordeste com 49 operações em jan/2026,0.2556
SBTE,SBGR,interregional,voo de Nordeste para Sudeste com 124 operações em jan/2026,0.2071
SBTE,SBKP,interregional,voo de Nordeste para Sudeste com 30 operações em jan/2026,0.2912
SBTE,SBRF,intrarregional,voo dentro da região Nordeste com 27 operações em jan/2026,0.3001
SBTE,SBSP,interregional,voo de Nordeste para Sudeste com 31 operações em jan/2026,0.2885
SBTF,SBEG,intrarregional,voo dentro da região Norte com 13 operações em jan/2026,0.3789
SBTT,SBEG,intrarregional,voo dentro da região Norte com 48 operações em jan/2026,0.2569
SBTU,SBBE,intrarregional,voo dentro da região Norte com 3 operações em jan/2026,0.7213
SBTU,SNEB,intrarregional,voo dentro da região Norte com 14 operações em jan/2026,0.3693
SBUA,SBBV,intrarregional,voo dentro da região Norte com 1 operação em jan/2026,1.4427
SBUA,SBEG,intrarregional,voo dentro da região Norte com 13 operações em jan/2026,0.3789
SBUG,SBPA,intrarregional,voo dentro da região Sul com 17 operações em jan/2026,0.346
SBUL,SBBR,interregional,voo de Sudeste para Centro-Oeste com 1 operação em jan/2026,1.4427
SBUL,SBCF,intrarregional,voo dentro da região Sudeste com 116 operações em jan/2026,0.21
SBUL,SBFZ,interregional,voo de Sudeste para Nordeste com 9 operações em jan/2026,0.4343
SBUL,SBGR,intrarregional,voo dentro da região Sudeste com 92 operações em jan/2026,0.2206
SBUL,SBJP,interregional,voo de Sudeste para Nordeste com 9 operações em jan/2026,0.4343
SBUL,SBKP,intrarregional,voo dentro da região Sudeste com 103 operações em jan/2026,0.2153
SBUL,SBMO,interregional,voo de Sudeste para Nordeste com 19 operações em jan/2026,0.3338
SBUL,SBPS,interregional,voo de Sudeste para Nordeste com 17 operações em jan/2026,0.346
SBUL,SBRF,interregional,voo de Sudeste para Nordeste com 13 operações em jan/2026,0.3789
SBUL,SBSG,interregional,voo de Sudeste para Nordeste com 9 operações em jan/2026,0.4343
SBUL,SBSP,intrarregional,voo dentro da região Sudeste com 78 operações em jan/2026,0.2289
SBUL,SBSV,interregional,voo de Sudeste para Nordeste com 9 operações em jan/2026,0.4343
SBUR,SBCF,intrarregional,voo dentro da região Sudeste com 31 operações em jan/2026,0.2885
SBUR,SBGR,intrarregional,voo dentro da região Sudeste com 12 operações em jan/2026,0.3899
SBUR,SBSP,intrarregional,voo dentro da região Sudeste com 1 operação em jan/2026,1.4427
SBUY,SBEG,interregional,voo de Sul para Norte com 40 operações em jan/2026,0.2693
SBVC,SBCF,interregional,voo de Nordeste para Sudeste com 39 operações em jan/2026,0.2711
SBVC,SBGL,interregional,voo de Nordeste para Sudeste com 1 operação em jan/2026,1.4427
SBVC,SBGR,interregional,voo de Nordeste para Sudeste com 105 operações em jan/2026,0.2144
SBVC,SBSV,intrarregional,voo dentro da região Nordeste com 13 operações em jan/2026,0.3789
SBVG,SBCF,intrarregional,voo dentro da região Sudeste com 13 operações em jan/2026,0.3789
SBVH,SBKP,interregional,voo de Norte para Sudeste com 9 operações em jan/2026,0.4343
SBVT,SBBR,interregional,voo de Sudeste para Centro-Oeste com 93 operações em jan/2026,0.2201
SBVT,SBCF,intrarregional,voo dentro da região Sudeste com 123 operações em jan/2026,0.2075
SBVT,SBGL,intrarregional,voo dentro da região Sudeste com 214 operações em jan/2026,0.1862
SBVT,SBGR,intrarregional,voo dentro da região Sudeste com 279 operações em jan/2026,0.1775
SBVT,SBKP,intrarregional,voo dentro da região Sudeste com 98 operações em jan/2026,0.2176
SBVT,SBRF,interregional,voo de Sudeste para Nordeste com 31 operações em jan/2026,0.2885
SBVT,SBRP,intrarregional,voo dentro da região Sudeste com 1 operação em jan/2026,1.4427
SBVT,SBSP,intrarregional,voo dentro da região Sudeste com 217 operações em jan/2026,0.1857
SBVT,SBSV,interregional,voo de Sudeste para Nordeste com 31 operações em jan/2026,0.2885
SBZM,SBKP,intrarregional,voo dentro da região Sudeste com 30 operações em jan/2026,0.2912
SBZM,SBSP,intrarregional,voo dentro da região Sudeste com 26 operações em jan/2026,0.3034
SDCO,SBKP,intrarregional,voo dentro da região Sudeste com 1 operação em jan/2026,1.4427
SDCO,SBSR,intrarregional,voo dentro da região Sudeste com 1 operação em jan/2026,1.4427
SDLO,SBSV,intrarregional,voo dentro da região Nordeste com 5 operações em jan/2026,0.5581
SDLO,SNCL,intrarregional,voo dentro da região Nordeste com 8 operações em jan/2026,0.4551
SDOW,SBBE,intrarregional,voo dentro da região Norte com 4 operações em jan/2026,0.6213
SDOW,SBCJ,intrarregional,voo dentro da região Norte com 5 operações em jan/2026,0.5581
SDSC,SBGR,intrarregional,voo dentro da região Sudeste com 15 operações em jan/2026,0.3607
SDSC,SBSP,intrarregional,voo dentro da região Sudeste com 1 operação em jan/2026,1.4427
SIMK,SBKP,intrarregional,voo dentro da região Sudeste com 2 operações em jan/2026,0.9102
SIMK,SNBA,interregional,voo de Sudeste para Nordeste com 14 operações em jan/2026,0.3693
SJZA,SBRF,interregional,voo de Sul para Nordeste com 13 operações em jan/2026,0.3789
SNAB,SBKG,intrarregional,voo dentro da região Nordeste com 1 operação em jan/2026,1.4427
SNAB,SBRF,intrarregional,voo dentro da região Nordeste com 15 operações em jan/2026,0.3607
SNBA,SBKP,interregional,voo de Nordeste para Sudeste com 14 operações em jan/2026,0.3693
SNBR,SBCF,interregional,voo de Nordeste para Sudeste com 32 operações em jan/2026,0.286
SNBR,SBGL,interregional,voo de Nordeste para Sudeste com 1 operação em jan/2026,1.4427
SNBR,SBSV,intrarregional,voo dentro da região Nordeste com 13 operações em jan/2026,0.3789
SNCL,SBSV,intrarregional,voo dentro da região Nordeste com 114 operações em jan/2026,0.2108
SNCL,SDLO,intrarregional,voo dentro da região Nordeste com 8 operações em jan/2026,0.4551
SNCP,SBSP,interregional,voo de Nordeste para Sudeste com 14 operações em jan/2026,0.3693
SNDV,SBBH,intrarregional,voo dentro da região Sudeste com 1 operação em jan/2026,1.4427
SNDV,SBCF,intrarregional,voo dentro da região Sudeste com 22 operações em jan/2026,0.3189
SNEB,SBBE,intrarregional,voo dentro da região Norte com 14 operações em jan/2026,0.3693
SNGI,SBCF,interregional,voo de Nordeste para Sudeste com 17 operações em jan/2026,0.346
SNGI,SBSV,intrarregional,voo dentro da região Nordeste com 13 operações em jan/2026,0.3789
SNGN,SBRF,intrarregional,voo dentro da região Nordeste com 13 operações em jan/2026,0.3789
SNHS,SBRF,intrarregional,voo dentro da região Nordeste com 5 operações em jan/2026,0.5581
SNHS,SNAB,intrarregional,voo dentro da região Nordeste com 14 operações em jan/2026,0.3693
SNJM,SBCF,intrarregional,voo dentro da região Sudeste com 14 operações em jan/2026,0.3693
SNLN,SBCF,intrarregional,voo dentro da região Sudeste com 13 operações em jan/2026,0.3789
SNMZ,SNVS,intrarregional,voo dentro da região Norte com 8 operações em jan/2026,0.4551
SNPD,SBCF,intrarregional,voo dentro da região Sudeste com 13 operações em jan/2026,0.3789
SNRU,SBRF,intrarregional,voo dentro da região Nordeste com 4 operações em jan/2026,0.6213
SNRU,SNGN,intrarregional,voo dentro da região Nordeste com 13 operações em jan/2026,0.3789
SNSM,SBBE,intrarregional,voo dentro da região Norte com 9 operações em jan/2026,0.4343
SNSS,SBCF,intrarregional,voo dentro da região Sudeste com 13 operações em jan/2026,0.3789
SNTO,SBCF,intrarregional,voo dentro da região Sudeste com 13 operações em jan/2026,0.3789
SNTS,SBRF,intrarregional,voo dentro da região Nordeste com 2 operações em jan/2026,0.9102
SNTS,SJZA,interregional,voo de Nordeste para Sul com 13 operações em jan/2026,0.3789
SNVS,SBBE,intrarregional,voo dentro da região Norte com 17 operações em jan/2026,0.346
SNZR,SBCF,intrarregional,voo dentro da região Sudeste com 14 operações em jan/2026,0.3693
SSGY,SBCT,intrarregional,voo dentro da região Sul com 14 operações em jan/2026,0.3693
SSKW,SBKP,interregional,voo de Norte para Sudeste com 8 operações em jan/2026,0.4551
SSOU,SBCY,intrarregional,voo dentro da região Centro-Oeste com 21 operações em jan/2026,0.3235
SSUM,SBCT,intrarregional,voo dentro da região Sul com 13 operações em jan/2026,0.3789
SSUV,SBCT,intrarregional,voo dentro da região Sul com 14 operações em jan/2026,0.3693
SSVL,SSUM,interregional,voo de Centro-Oeste para Sul com 13 operações em jan/2026,0.3789
SWBC,SBEG,intrarregional,voo dentro da região Norte com 18 operações em jan/2026,0.3396
SWBR,SBEG,intrarregional,voo dentro da região Norte com 8 operações em jan/2026,0.4551
SWGN,SBPJ,intrarregional,voo dentro da região Norte com 14 operações em jan/2026,0.3693
SWLB,SBEG,intrarregional,voo dentro da região Norte com 1 operação em jan/2026,1.4427
SWLB,SBPV,intrarregional,voo dentro da região Norte com 9 operações em jan/2026,0.4343
SWMW,SWBR,intrarregional,voo dentro da região Norte com 8 operações em jan/2026,0.4551
SWPI,SBEG,intrarregional,voo dentro da região Norte com 18 operações em jan/2026,0.3396
SWYN,SBEG,intrarregional,voo dentro da região Norte com 1 operação em jan/2026,1.4427
SWYN,SBMY,intrarregional,voo dentro da região Norte com 9 operações em jan/2026,0.4343
